REF_AREA,MEASURE,POP_GROUP,UNIT_MEASURE,FREQUENCY,TIME_PERIOD,OBS_VALUE
ARG,A3_5,YOUTH_15T29,PT_POP_Y15T29,A,2018,20.4
AUS,A3_5,YOUTH_15T29,PT_POP_Y15T29,A,1997,16.0
AUS,A3_5,YOUTH_15T29,PT_POP_Y15T29,A,1998,14.9
AUS,A3_5,YOUTH_15T29,PT_POP_Y15T29,A,1999,13.6
AUS,A3_5,YOUTH_15T29,PT_POP_Y15T29,A,2000,13.2
AUS,A3_5,YOUTH_15T29,PT_POP_Y15T29,A,2001,13.0
AUS,A3_5,YOUTH_15T29,PT_POP_Y15T29,A,2002,12.7
AUS,A3_5,YOUTH_15T29,PT_POP_Y15T29,A,2003,12.6
AUS,A3_5,YOUTH_15T29,PT_POP_Y15T29,A,2004,12.3
AUS,A3_5,YOUTH_15T29,PT_POP_Y15T29,A,2005,11.4
AUS,A3_5,YOUTH_15T29,PT_POP_Y15T29,A,2006,11.4
AUS,A3_5,YOUTH_15T29,PT_POP_Y15T29,A,2007,10.5
AUS,A3_5,YOUTH_15T29,PT_POP_Y15T29,A,2008,10.4
AUS,A3_5,YOUTH_15T29,PT_POP_Y15T29,A,2009,12.3
AUS,A3_5,YOUTH_15T29,PT_POP_Y15T29,A,2010,11.8
AUS,A3_5,YOUTH_15T29,PT_POP_Y15T29,A,2011,11.5
AUS,A3_5,YOUTH_15T29,PT_POP_Y15T29,A,2012,11.7
AUS,A3_5,YOUTH_15T29,PT_POP_Y15T29,A,2013,13.0
AUS,A3_5,YOUTH_15T29,PT_POP_Y15T29,A,2014,12.6
AUS,A3_5,YOUTH_15T29,PT_POP_Y15T29,A,2015,11.8
AUS,A3_5,YOUTH_15T29,PT_POP_Y15T29,A,2016,11.4
AUS,A3_5,YOUTH_15T29,PT_POP_Y15T29,A,2017,10.9
AUS,A3_5,YOUTH_15T29,PT_POP_Y15T29,A,2018,10.8
AUS,A3_5,YOUTH_15T29,PT_POP_Y15T29,A,2019,10.4
AUS,A3_5,YOUTH_15T29,PT_POP_Y15T29,A,2020,14.2
AUT,A3_5,YOUTH_15T29,PT_POP_Y15T29,A,2004,12.4
AUT,A3_5,YOUTH_15T29,PT_POP_Y15T29,A,2005,11.4
AUT,A3_5,YOUTH_15T29,PT_POP_Y15T29,A,2006,12.0
AUT,A3_5,YOUTH_15T29,PT_POP_Y15T29,A,2007,11.3
AUT,A3_5,YOUTH_15T29,PT_POP_Y15T29,A,2008,10.7
AUT,A3_5,YOUTH_15T29,PT_POP_Y15T29,A,2009,11.4
AUT,A3_5,YOUTH_15T29,PT_POP_Y15T29,A,2010,11.7
AUT,A3_5,YOUTH_15T29,PT_POP_Y15T29,A,2011,10.3
AUT,A3_5,YOUTH_15T29,PT_POP_Y15T29,A,2012,10.3
AUT,A3_5,YOUTH_15T29,PT_POP_Y15T29,A,2013,10.7
AUT,A3_5,YOUTH_15T29,PT_POP_Y15T29,A,2014,11.6
AUT,A3_5,YOUTH_15T29,PT_POP_Y15T29,A,2015,10.4
AUT,A3_5,YOUTH_15T29,PT_POP_Y15T29,A,2016,10.9
AUT,A3_5,YOUTH_15T29,PT_POP_Y15T29,A,2017,10.8
AUT,A3_5,YOUTH_15T29,PT_POP_Y15T29,A,2018,11.1
AUT,A3_5,YOUTH_15T29,PT_POP_Y15T29,A,2019,10.4
AUT,A3_5,YOUTH_15T29,PT_POP_Y15T29,A,2020,11.6
BEL,A3_5,YOUTH_15T29,PT_POP_Y15T29,A,1997,15.2
BEL,A3_5,YOUTH_15T29,PT_POP_Y15T29,A,1998,15.4
BEL,A3_5,YOUTH_15T29,PT_POP_Y15T29,A,1999,14.3
BEL,A3_5,YOUTH_15T29,PT_POP_Y15T29,A,2000,12.9
BEL,A3_5,YOUTH_15T29,PT_POP_Y15T29,A,2001,11.7
BEL,A3_5,YOUTH_15T29,PT_POP_Y15T29,A,2002,14.0
BEL,A3_5,YOUTH_15T29,PT_POP_Y15T29,A,2003,14.4
BEL,A3_5,YOUTH_15T29,PT_POP_Y15T29,A,2004,14.0
BEL,A3_5,YOUTH_15T29,PT_POP_Y15T29,A,2005,14.2
BEL,A3_5,YOUTH_15T29,PT_POP_Y15T29,A,2006,13.9
BEL,A3_5,YOUTH_15T29,PT_POP_Y15T29,A,2007,12.7
BEL,A3_5,YOUTH_15T29,PT_POP_Y15T29,A,2008,12.1
BEL,A3_5,YOUTH_15T29,PT_POP_Y15T29,A,2009,12.7
BEL,A3_5,YOUTH_15T29,PT_POP_Y15T29,A,2010,14.2
BEL,A3_5,YOUTH_15T29,PT_POP_Y15T29,A,2011,13.9
BEL,A3_5,YOUTH_15T29,PT_POP_Y15T29,A,2012,15.0
BEL,A3_5,YOUTH_15T29,PT_POP_Y15T29,A,2013,15.0
BEL,A3_5,YOUTH_15T29,PT_POP_Y15T29,A,2014,15.0
BEL,A3_5,YOUTH_15T29,PT_POP_Y15T29,A,2015,13.8
BEL,A3_5,YOUTH_15T29,PT_POP_Y15T29,A,2016,13.0
BEL,A3_5,YOUTH_15T29,PT_POP_Y15T29,A,2017,13.2
BEL,A3_5,YOUTH_15T29,PT_POP_Y15T29,A,2018,12.8
BEL,A3_5,YOUTH_15T29,PT_POP_Y15T29,A,2019,12.6
BEL,A3_5,YOUTH_15T29,PT_POP_Y15T29,A,2020,12.5
BRA,A3_5,YOUTH_15T29,PT_POP_Y15T29,A,2007,19.9
BRA,A3_5,YOUTH_15T29,PT_POP_Y15T29,A,2008,19.0
BRA,A3_5,YOUTH_15T29,PT_POP_Y15T29,A,2009,19.6
BRA,A3_5,YOUTH_15T29,PT_POP_Y15T29,A,2011,19.3
BRA,A3_5,YOUTH_15T29,PT_POP_Y15T29,A,2012,20.0
BRA,A3_5,YOUTH_15T29,PT_POP_Y15T29,A,2013,20.3
BRA,A3_5,YOUTH_15T29,PT_POP_Y15T29,A,2014,20.0
BRA,A3_5,YOUTH_15T29,PT_POP_Y15T29,A,2015,22.5
BRA,A3_5,YOUTH_15T29,PT_POP_Y15T29,A,2016,23.7
BRA,A3_5,YOUTH_15T29,PT_POP_Y15T29,A,2017,25.0
BRA,A3_5,YOUTH_15T29,PT_POP_Y15T29,A,2018,24.9
BRA,A3_5,YOUTH_15T29,PT_POP_Y15T29,A,2019,24.1
BRA,A3_5,YOUTH_15T29,PT_POP_Y15T29,A,2020,29.3
CAN,A3_5,YOUTH_15T29,PT_POP_Y15T29,A,1997,15.8
CAN,A3_5,YOUTH_15T29,PT_POP_Y15T29,A,1998,15.1
CAN,A3_5,YOUTH_15T29,PT_POP_Y15T29,A,1999,14.1
CAN,A3_5,YOUTH_15T29,PT_POP_Y15T29,A,2000,13.7
CAN,A3_5,YOUTH_15T29,PT_POP_Y15T29,A,2001,13.1
CAN,A3_5,YOUTH_15T29,PT_POP_Y15T29,A,2002,13.5
CAN,A3_5,YOUTH_15T29,PT_POP_Y15T29,A,2003,12.9
CAN,A3_5,YOUTH_15T29,PT_POP_Y15T29,A,2004,13.0
CAN,A3_5,YOUTH_15T29,PT_POP_Y15T29,A,2005,12.3
CAN,A3_5,YOUTH_15T29,PT_POP_Y15T29,A,2006,12.0
CAN,A3_5,YOUTH_15T29,PT_POP_Y15T29,A,2007,12.1
CAN,A3_5,YOUTH_15T29,PT_POP_Y15T29,A,2008,11.9
CAN,A3_5,YOUTH_15T29,PT_POP_Y15T29,A,2009,13.4
CAN,A3_5,YOUTH_15T29,PT_POP_Y15T29,A,2010,13.7
CAN,A3_5,YOUTH_15T29,PT_POP_Y15T29,A,2011,13.4
CAN,A3_5,YOUTH_15T29,PT_POP_Y15T29,A,2012,13.4
CAN,A3_5,YOUTH_15T29,PT_POP_Y15T29,A,2013,12.5
CAN,A3_5,YOUTH_15T29,PT_POP_Y15T29,A,2014,13.4
CAN,A3_5,YOUTH_15T29,PT_POP_Y15T29,A,2015,13.3
CAN,A3_5,YOUTH_15T29,PT_POP_Y15T29,A,2016,13.1
CAN,A3_5,YOUTH_15T29,PT_POP_Y15T29,A,2017,12.2
CAN,A3_5,YOUTH_15T29,PT_POP_Y15T29,A,2018,11.9
CAN,A3_5,YOUTH_15T29,PT_POP_Y15T29,A,2019,11.3
CAN,A3_5,YOUTH_15T29,PT_POP_Y15T29,A,2020,13.6
CHE,A3_5,YOUTH_15T29,PT_POP_Y15T29,A,1997,10.2
CHE,A3_5,YOUTH_15T29,PT_POP_Y15T29,A,1998,9.5
CHE,A3_5,YOUTH_15T29,PT_POP_Y15T29,A,1999,8.7
CHE,A3_5,YOUTH_15T29,PT_POP_Y15T29,A,2000,8.3
CHE,A3_5,YOUTH_15T29,PT_POP_Y15T29,A,2001,8.9
CHE,A3_5,YOUTH_15T29,PT_POP_Y15T29,A,2002,9.5
CHE,A3_5,YOUTH_15T29,PT_POP_Y15T29,A,2003,11.4
CHE,A3_5,YOUTH_15T29,PT_POP_Y15T29,A,2004,10.2
CHE,A3_5,YOUTH_15T29,PT_POP_Y15T29,A,2005,10.4
CHE,A3_5,YOUTH_15T29,PT_POP_Y15T29,A,2006,10.0
CHE,A3_5,YOUTH_15T29,PT_POP_Y15T29,A,2007,10.2
CHE,A3_5,YOUTH_15T29,PT_POP_Y15T29,A,2008,9.6
CHE,A3_5,YOUTH_15T29,PT_POP_Y15T29,A,2009,10.7
CHE,A3_5,YOUTH_15T29,PT_POP_Y15T29,A,2017,8.4
CHE,A3_5,YOUTH_15T29,PT_POP_Y15T29,A,2018,8.1
CHE,A3_5,YOUTH_15T29,PT_POP_Y15T29,A,2019,7.3
CHE,A3_5,YOUTH_15T29,PT_POP_Y15T29,A,2020,7.0
CHL,A3_5,YOUTH_15T29,PT_POP_Y15T29,A,2009,23.6
CHL,A3_5,YOUTH_15T29,PT_POP_Y15T29,A,2011,21.8
CHL,A3_5,YOUTH_15T29,PT_POP_Y15T29,A,2013,18.8
CHL,A3_5,YOUTH_15T29,PT_POP_Y15T29,A,2015,18.0
CHL,A3_5,YOUTH_15T29,PT_POP_Y15T29,A,2017,18.4
COL,A3_5,YOUTH_15T29,PT_POP_Y15T29,A,2013,21.6
COL,A3_5,YOUTH_15T29,PT_POP_Y15T29,A,2014,21.4
COL,A3_5,YOUTH_15T29,PT_POP_Y15T29,A,2015,21.0
COL,A3_5,YOUTH_15T29,PT_POP_Y15T29,A,2016,21.2
COL,A3_5,YOUTH_15T29,PT_POP_Y15T29,A,2017,21.9
COL,A3_5,YOUTH_15T29,PT_POP_Y15T29,A,2018,22.7
COL,A3_5,YOUTH_15T29,PT_POP_Y15T29,A,2019,23.7
COL,A3_5,YOUTH_15T29,PT_POP_Y15T29,A,2020,29.8
CRI,A3_5,YOUTH_15T29,PT_POP_Y15T29,A,2013,20.1
CRI,A3_5,YOUTH_15T29,PT_POP_Y15T29,A,2014,18.8
CRI,A3_5,YOUTH_15T29,PT_POP_Y15T29,A,2015,20.1
CRI,A3_5,YOUTH_15T29,PT_POP_Y15T29,A,2016,22.1
CRI,A3_5,YOUTH_15T29,PT_POP_Y15T29,A,2017,21.4
CRI,A3_5,YOUTH_15T29,PT_POP_Y15T29,A,2018,23.1
CRI,A3_5,YOUTH_15T29,PT_POP_Y15T29,A,2019,20.2
CRI,A3_5,YOUTH_15T29,PT_POP_Y15T29,A,2020,18.8
CZE,A3_5,YOUTH_15T29,PT_POP_Y15T29,A,1997,15.5
CZE,A3_5,YOUTH_15T29,PT_POP_Y15T29,A,1998,16.3
CZE,A3_5,YOUTH_15T29,PT_POP_Y15T29,A,1999,19.0
CZE,A3_5,YOUTH_15T29,PT_POP_Y15T29,A,2000,18.5
CZE,A3_5,YOUTH_15T29,PT_POP_Y15T29,A,2001,17.4
CZE,A3_5,YOUTH_15T29,PT_POP_Y15T29,A,2002,16.9
CZE,A3_5,YOUTH_15T29,PT_POP_Y15T29,A,2003,16.9
CZE,A3_5,YOUTH_15T29,PT_POP_Y15T29,A,2004,17.2
CZE,A3_5,YOUTH_15T29,PT_POP_Y15T29,A,2005,15.9
CZE,A3_5,YOUTH_15T29,PT_POP_Y15T29,A,2006,14.1
CZE,A3_5,YOUTH_15T29,PT_POP_Y15T29,A,2007,11.7
CZE,A3_5,YOUTH_15T29,PT_POP_Y15T29,A,2008,10.9
CZE,A3_5,YOUTH_15T29,PT_POP_Y15T29,A,2009,12.8
CZE,A3_5,YOUTH_15T29,PT_POP_Y15T29,A,2010,13.2
CZE,A3_5,YOUTH_15T29,PT_POP_Y15T29,A,2011,12.7
CZE,A3_5,YOUTH_15T29,PT_POP_Y15T29,A,2012,13.4
CZE,A3_5,YOUTH_15T29,PT_POP_Y15T29,A,2013,13.2
CZE,A3_5,YOUTH_15T29,PT_POP_Y15T29,A,2014,12.5
CZE,A3_5,YOUTH_15T29,PT_POP_Y15T29,A,2015,12.2
CZE,A3_5,YOUTH_15T29,PT_POP_Y15T29,A,2016,11.6
CZE,A3_5,YOUTH_15T29,PT_POP_Y15T29,A,2017,10.9
CZE,A3_5,YOUTH_15T29,PT_POP_Y15T29,A,2018,10.0
CZE,A3_5,YOUTH_15T29,PT_POP_Y15T29,A,2019,9.8
CZE,A3_5,YOUTH_15T29,PT_POP_Y15T29,A,2020,10.6
DEU,A3_5,YOUTH_15T29,PT_POP_Y15T29,A,1997,14.3
DEU,A3_5,YOUTH_15T29,PT_POP_Y15T29,A,1999,13.2
DEU,A3_5,YOUTH_15T29,PT_POP_Y15T29,A,2000,13.3
DEU,A3_5,YOUTH_15T29,PT_POP_Y15T29,A,2001,13.1
DEU,A3_5,YOUTH_15T29,PT_POP_Y15T29,A,2002,12.6
DEU,A3_5,YOUTH_15T29,PT_POP_Y15T29,A,2003,12.9
DEU,A3_5,YOUTH_15T29,PT_POP_Y15T29,A,2004,13.5
DEU,A3_5,YOUTH_15T29,PT_POP_Y15T29,A,2005,14.7
DEU,A3_5,YOUTH_15T29,PT_POP_Y15T29,A,2006,13.6
DEU,A3_5,YOUTH_15T29,PT_POP_Y15T29,A,2007,12.6
DEU,A3_5,YOUTH_15T29,PT_POP_Y15T29,A,2008,11.6
DEU,A3_5,YOUTH_15T29,PT_POP_Y15T29,A,2009,11.6
DEU,A3_5,YOUTH_15T29,PT_POP_Y15T29,A,2010,12.0
DEU,A3_5,YOUTH_15T29,PT_POP_Y15T29,A,2011,11.0
DEU,A3_5,YOUTH_15T29,PT_POP_Y15T29,A,2012,9.9
DEU,A3_5,YOUTH_15T29,PT_POP_Y15T29,A,2013,9.7
DEU,A3_5,YOUTH_15T29,PT_POP_Y15T29,A,2014,9.2
DEU,A3_5,YOUTH_15T29,PT_POP_Y15T29,A,2015,8.6
DEU,A3_5,YOUTH_15T29,PT_POP_Y15T29,A,2016,9.6
DEU,A3_5,YOUTH_15T29,PT_POP_Y15T29,A,2017,9.3
DEU,A3_5,YOUTH_15T29,PT_POP_Y15T29,A,2018,9.2
DEU,A3_5,YOUTH_15T29,PT_POP_Y15T29,A,2019,8.2
DNK,A3_5,YOUTH_15T29,PT_POP_Y15T29,A,1997,5.9
DNK,A3_5,YOUTH_15T29,PT_POP_Y15T29,A,1998,5.7
DNK,A3_5,YOUTH_15T29,PT_POP_Y15T29,A,1999,6.5
DNK,A3_5,YOUTH_15T29,PT_POP_Y15T29,A,2000,5.8
DNK,A3_5,YOUTH_15T29,PT_POP_Y15T29,A,2001,6.2
DNK,A3_5,YOUTH_15T29,PT_POP_Y15T29,A,2002,5.6
DNK,A3_5,YOUTH_15T29,PT_POP_Y15T29,A,2003,8.9
DNK,A3_5,YOUTH_15T29,PT_POP_Y15T29,A,2004,8.6
DNK,A3_5,YOUTH_15T29,PT_POP_Y15T29,A,2005,8.2
DNK,A3_5,YOUTH_15T29,PT_POP_Y15T29,A,2006,6.2
DNK,A3_5,YOUTH_15T29,PT_POP_Y15T29,A,2007,7.1
DNK,A3_5,YOUTH_15T29,PT_POP_Y15T29,A,2008,7.6
DNK,A3_5,YOUTH_15T29,PT_POP_Y15T29,A,2009,8.8
DNK,A3_5,YOUTH_15T29,PT_POP_Y15T29,A,2010,11.9
DNK,A3_5,YOUTH_15T29,PT_POP_Y15T29,A,2011,12.8
DNK,A3_5,YOUTH_15T29,PT_POP_Y15T29,A,2012,13.3
DNK,A3_5,YOUTH_15T29,PT_POP_Y15T29,A,2013,12.6
DNK,A3_5,YOUTH_15T29,PT_POP_Y15T29,A,2014,13.1
DNK,A3_5,YOUTH_15T29,PT_POP_Y15T29,A,2015,11.4
DNK,A3_5,YOUTH_15T29,PT_POP_Y15T29,A,2016,9.7
DNK,A3_5,YOUTH_15T29,PT_POP_Y15T29,A,2017,12.7
DNK,A3_5,YOUTH_15T29,PT_POP_Y15T29,A,2018,12.0
DNK,A3_5,YOUTH_15T29,PT_POP_Y15T29,A,2019,11.6
ESP,A3_5,YOUTH_15T29,PT_POP_Y15T29,A,1997,23.2
ESP,A3_5,YOUTH_15T29,PT_POP_Y15T29,A,1998,21.0
ESP,A3_5,YOUTH_15T29,PT_POP_Y15T29,A,1999,19.3
ESP,A3_5,YOUTH_15T29,PT_POP_Y15T29,A,2000,15.6
ESP,A3_5,YOUTH_15T29,PT_POP_Y15T29,A,2001,14.7
ESP,A3_5,YOUTH_15T29,PT_POP_Y15T29,A,2002,15.0
ESP,A3_5,YOUTH_15T29,PT_POP_Y15T29,A,2003,15.0
ESP,A3_5,YOUTH_15T29,PT_POP_Y15T29,A,2004,14.7
ESP,A3_5,YOUTH_15T29,PT_POP_Y15T29,A,2005,17.1
ESP,A3_5,YOUTH_15T29,PT_POP_Y15T29,A,2006,15.9
ESP,A3_5,YOUTH_15T29,PT_POP_Y15T29,A,2007,15.6
ESP,A3_5,YOUTH_15T29,PT_POP_Y15T29,A,2008,16.7
ESP,A3_5,YOUTH_15T29,PT_POP_Y15T29,A,2009,22.6
ESP,A3_5,YOUTH_15T29,PT_POP_Y15T29,A,2010,23.6
ESP,A3_5,YOUTH_15T29,PT_POP_Y15T29,A,2011,24.3
ESP,A3_5,YOUTH_15T29,PT_POP_Y15T29,A,2012,25.6
ESP,A3_5,YOUTH_15T29,PT_POP_Y15T29,A,2013,27.2
ESP,A3_5,YOUTH_15T29,PT_POP_Y15T29,A,2014,24.3
ESP,A3_5,YOUTH_15T29,PT_POP_Y15T29,A,2015,22.8
ESP,A3_5,YOUTH_15T29,PT_POP_Y15T29,A,2016,21.7
ESP,A3_5,YOUTH_15T29,PT_POP_Y15T29,A,2017,19.9
ESP,A3_5,YOUTH_15T29,PT_POP_Y15T29,A,2018,19.1
ESP,A3_5,YOUTH_15T29,PT_POP_Y15T29,A,2019,18.3
ESP,A3_5,YOUTH_15T29,PT_POP_Y15T29,A,2020,18.5
EST,A3_5,YOUTH_15T29,PT_POP_Y15T29,A,2003,15.1
EST,A3_5,YOUTH_15T29,PT_POP_Y15T29,A,2004,15.3
EST,A3_5,YOUTH_15T29,PT_POP_Y15T29,A,2005,14.8
EST,A3_5,YOUTH_15T29,PT_POP_Y15T29,A,2006,11.4
EST,A3_5,YOUTH_15T29,PT_POP_Y15T29,A,2007,13.0
EST,A3_5,YOUTH_15T29,PT_POP_Y15T29,A,2008,11.3
EST,A3_5,YOUTH_15T29,PT_POP_Y15T29,A,2009,19.0
EST,A3_5,YOUTH_15T29,PT_POP_Y15T29,A,2010,19.1
EST,A3_5,YOUTH_15T29,PT_POP_Y15T29,A,2011,15.2
EST,A3_5,YOUTH_15T29,PT_POP_Y15T29,A,2012,15.9
EST,A3_5,YOUTH_15T29,PT_POP_Y15T29,A,2013,14.8
EST,A3_5,YOUTH_15T29,PT_POP_Y15T29,A,2014,14.5
EST,A3_5,YOUTH_15T29,PT_POP_Y15T29,A,2015,12.8
EST,A3_5,YOUTH_15T29,PT_POP_Y15T29,A,2016,14.5
EST,A3_5,YOUTH_15T29,PT_POP_Y15T29,A,2017,11.8
EST,A3_5,YOUTH_15T29,PT_POP_Y15T29,A,2018,12.7
EST,A3_5,YOUTH_15T29,PT_POP_Y15T29,A,2019,10.4
EST,A3_5,YOUTH_15T29,PT_POP_Y15T29,A,2020,11.2
FIN,A3_5,YOUTH_15T29,PT_POP_Y15T29,A,2003,11.6
FIN,A3_5,YOUTH_15T29,PT_POP_Y15T29,A,2004,12.4
FIN,A3_5,YOUTH_15T29,PT_POP_Y15T29,A,2005,10.9
FIN,A3_5,YOUTH_15T29,PT_POP_Y15T29,A,2006,10.4
FIN,A3_5,YOUTH_15T29,PT_POP_Y15T29,A,2007,10.1
FIN,A3_5,YOUTH_15T29,PT_POP_Y15T29,A,2008,9.9
FIN,A3_5,YOUTH_15T29,PT_POP_Y15T29,A,2009,12.0
FIN,A3_5,YOUTH_15T29,PT_POP_Y15T29,A,2010,12.6
FIN,A3_5,YOUTH_15T29,PT_POP_Y15T29,A,2011,11.8
FIN,A3_5,YOUTH_15T29,PT_POP_Y15T29,A,2012,11.9
FIN,A3_5,YOUTH_15T29,PT_POP_Y15T29,A,2013,12.3
FIN,A3_5,YOUTH_15T29,PT_POP_Y15T29,A,2014,13.0
FIN,A3_5,YOUTH_15T29,PT_POP_Y15T29,A,2015,14.3
FIN,A3_5,YOUTH_15T29,PT_POP_Y15T29,A,2016,13.2
FIN,A3_5,YOUTH_15T29,PT_POP_Y15T29,A,2017,12.6
FIN,A3_5,YOUTH_15T29,PT_POP_Y15T29,A,2018,11.9
FIN,A3_5,YOUTH_15T29,PT_POP_Y15T29,A,2019,11.0
FIN,A3_5,YOUTH_15T29,PT_POP_Y15T29,A,2020,10.8
FRA,A3_5,YOUTH_15T29,PT_POP_Y15T29,A,1997,17.7
FRA,A3_5,YOUTH_15T29,PT_POP_Y15T29,A,1998,17.0
FRA,A3_5,YOUTH_15T29,PT_POP_Y15T29,A,1999,17.1
FRA,A3_5,YOUTH_15T29,PT_POP_Y15T29,A,2000,15.0
FRA,A3_5,YOUTH_15T29,PT_POP_Y15T29,A,2001,14.5
FRA,A3_5,YOUTH_15T29,PT_POP_Y15T29,A,2002,14.7
FRA,A3_5,YOUTH_15T29,PT_POP_Y15T29,A,2003,14.1
FRA,A3_5,YOUTH_15T29,PT_POP_Y15T29,A,2004,14.6
FRA,A3_5,YOUTH_15T29,PT_POP_Y15T29,A,2005,14.5
FRA,A3_5,YOUTH_15T29,PT_POP_Y15T29,A,2006,15.2
FRA,A3_5,YOUTH_15T29,PT_POP_Y15T29,A,2007,14.5
FRA,A3_5,YOUTH_15T29,PT_POP_Y15T29,A,2008,14.0
FRA,A3_5,YOUTH_15T29,PT_POP_Y15T29,A,2009,15.6
FRA,A3_5,YOUTH_15T29,PT_POP_Y15T29,A,2010,16.6
FRA,A3_5,YOUTH_15T29,PT_POP_Y15T29,A,2011,16.4
FRA,A3_5,YOUTH_15T29,PT_POP_Y15T29,A,2012,16.6
FRA,A3_5,YOUTH_15T29,PT_POP_Y15T29,A,2013,16.3
FRA,A3_5,YOUTH_15T29,PT_POP_Y15T29,A,2014,16.3
FRA,A3_5,YOUTH_15T29,PT_POP_Y15T29,A,2015,17.2
FRA,A3_5,YOUTH_15T29,PT_POP_Y15T29,A,2016,17.2
FRA,A3_5,YOUTH_15T29,PT_POP_Y15T29,A,2017,16.5
FRA,A3_5,YOUTH_15T29,PT_POP_Y15T29,A,2018,16.1
FRA,A3_5,YOUTH_15T29,PT_POP_Y15T29,A,2019,15.4
FRA,A3_5,YOUTH_15T29,PT_POP_Y15T29,A,2020,15.0
GBR,A3_5,YOUTH_15T29,PT_POP_Y15T29,A,2000,13.3
GBR,A3_5,YOUTH_15T29,PT_POP_Y15T29,A,2001,13.1
GBR,A3_5,YOUTH_15T29,PT_POP_Y15T29,A,2002,13.3
GBR,A3_5,YOUTH_15T29,PT_POP_Y15T29,A,2003,13.6
GBR,A3_5,YOUTH_15T29,PT_POP_Y15T29,A,2004,13.5
GBR,A3_5,YOUTH_15T29,PT_POP_Y15T29,A,2005,14.2
GBR,A3_5,YOUTH_15T29,PT_POP_Y15T29,A,2006,15.1
GBR,A3_5,YOUTH_15T29,PT_POP_Y15T29,A,2007,14.9
GBR,A3_5,YOUTH_15T29,PT_POP_Y15T29,A,2008,14.8
GBR,A3_5,YOUTH_15T29,PT_POP_Y15T29,A,2009,15.7
GBR,A3_5,YOUTH_15T29,PT_POP_Y15T29,A,2010,15.9
GBR,A3_5,YOUTH_15T29,PT_POP_Y15T29,A,2011,15.5
GBR,A3_5,YOUTH_15T29,PT_POP_Y15T29,A,2012,16.3
GBR,A3_5,YOUTH_15T29,PT_POP_Y15T29,A,2013,15.6
GBR,A3_5,YOUTH_15T29,PT_POP_Y15T29,A,2014,14.4
GBR,A3_5,YOUTH_15T29,PT_POP_Y15T29,A,2015,13.7
GBR,A3_5,YOUTH_15T29,PT_POP_Y15T29,A,2016,13.2
GBR,A3_5,YOUTH_15T29,PT_POP_Y15T29,A,2017,12.2
GBR,A3_5,YOUTH_15T29,PT_POP_Y15T29,A,2018,12.6
GBR,A3_5,YOUTH_15T29,PT_POP_Y15T29,A,2019,12.3
GBR,A3_5,YOUTH_15T29,PT_POP_Y15T29,A,2020,12.4
GRC,A3_5,YOUTH_15T29,PT_POP_Y15T29,A,1997,21.8
GRC,A3_5,YOUTH_15T29,PT_POP_Y15T29,A,1998,23.4
GRC,A3_5,YOUTH_15T29,PT_POP_Y15T29,A,1999,21.8
GRC,A3_5,YOUTH_15T29,PT_POP_Y15T29,A,2000,21.5
GRC,A3_5,YOUTH_15T29,PT_POP_Y15T29,A,2001,19.8
GRC,A3_5,YOUTH_15T29,PT_POP_Y15T29,A,2002,20.1
GRC,A3_5,YOUTH_15T29,PT_POP_Y15T29,A,2003,19.4
GRC,A3_5,YOUTH_15T29,PT_POP_Y15T29,A,2004,20.4
GRC,A3_5,YOUTH_15T29,PT_POP_Y15T29,A,2005,19.5
GRC,A3_5,YOUTH_15T29,PT_POP_Y15T29,A,2006,16.7
GRC,A3_5,YOUTH_15T29,PT_POP_Y15T29,A,2007,16.6
GRC,A3_5,YOUTH_15T29,PT_POP_Y15T29,A,2008,16.0
GRC,A3_5,YOUTH_15T29,PT_POP_Y15T29,A,2009,16.6
GRC,A3_5,YOUTH_15T29,PT_POP_Y15T29,A,2010,18.1
GRC,A3_5,YOUTH_15T29,PT_POP_Y15T29,A,2011,21.6
GRC,A3_5,YOUTH_15T29,PT_POP_Y15T29,A,2012,26.7
GRC,A3_5,YOUTH_15T29,PT_POP_Y15T29,A,2013,28.5
GRC,A3_5,YOUTH_15T29,PT_POP_Y15T29,A,2014,28.3
GRC,A3_5,YOUTH_15T29,PT_POP_Y15T29,A,2015,26.1
GRC,A3_5,YOUTH_15T29,PT_POP_Y15T29,A,2016,23.5
GRC,A3_5,YOUTH_15T29,PT_POP_Y15T29,A,2017,22.8
GRC,A3_5,YOUTH_15T29,PT_POP_Y15T29,A,2018,21.5
GRC,A3_5,YOUTH_15T29,PT_POP_Y15T29,A,2019,19.6
GRC,A3_5,YOUTH_15T29,PT_POP_Y15T29,A,2020,18.7
HUN,A3_5,YOUTH_15T29,PT_POP_Y15T29,A,1997,23.7
HUN,A3_5,YOUTH_15T29,PT_POP_Y15T29,A,1998,24.2
HUN,A3_5,YOUTH_15T29,PT_POP_Y15T29,A,1999,22.2
HUN,A3_5,YOUTH_15T29,PT_POP_Y15T29,A,2000,20.2
HUN,A3_5,YOUTH_15T29,PT_POP_Y15T29,A,2001,18.9
HUN,A3_5,YOUTH_15T29,PT_POP_Y15T29,A,2002,19.5
HUN,A3_5,YOUTH_15T29,PT_POP_Y15T29,A,2003,18.8
HUN,A3_5,YOUTH_15T29,PT_POP_Y15T29,A,2004,17.1
HUN,A3_5,YOUTH_15T29,PT_POP_Y15T29,A,2005,17.2
HUN,A3_5,YOUTH_15T29,PT_POP_Y15T29,A,2006,17.0
HUN,A3_5,YOUTH_15T29,PT_POP_Y15T29,A,2007,15.6
HUN,A3_5,YOUTH_15T29,PT_POP_Y15T29,A,2008,16.3
HUN,A3_5,YOUTH_15T29,PT_POP_Y15T29,A,2009,17.7
HUN,A3_5,YOUTH_15T29,PT_POP_Y15T29,A,2010,18.9
HUN,A3_5,YOUTH_15T29,PT_POP_Y15T29,A,2011,18.5
HUN,A3_5,YOUTH_15T29,PT_POP_Y15T29,A,2012,18.9
HUN,A3_5,YOUTH_15T29,PT_POP_Y15T29,A,2013,20.5
HUN,A3_5,YOUTH_15T29,PT_POP_Y15T29,A,2014,17.5
HUN,A3_5,YOUTH_15T29,PT_POP_Y15T29,A,2015,15.9
HUN,A3_5,YOUTH_15T29,PT_POP_Y15T29,A,2016,15.2
HUN,A3_5,YOUTH_15T29,PT_POP_Y15T29,A,2017,14.0
HUN,A3_5,YOUTH_15T29,PT_POP_Y15T29,A,2018,13.5
HUN,A3_5,YOUTH_15T29,PT_POP_Y15T29,A,2019,13.3
HUN,A3_5,YOUTH_15T29,PT_POP_Y15T29,A,2020,14.3
IRL,A3_5,YOUTH_15T29,PT_POP_Y15T29,A,1999,9.9
IRL,A3_5,YOUTH_15T29,PT_POP_Y15T29,A,2000,9.0
IRL,A3_5,YOUTH_15T29,PT_POP_Y15T29,A,2001,9.0
IRL,A3_5,YOUTH_15T29,PT_POP_Y15T29,A,2002,10.3
IRL,A3_5,YOUTH_15T29,PT_POP_Y15T29,A,2003,10.8
IRL,A3_5,YOUTH_15T29,PT_POP_Y15T29,A,2004,10.7
IRL,A3_5,YOUTH_15T29,PT_POP_Y15T29,A,2005,10.5
IRL,A3_5,YOUTH_15T29,PT_POP_Y15T29,A,2006,10.4
IRL,A3_5,YOUTH_15T29,PT_POP_Y15T29,A,2007,10.7
IRL,A3_5,YOUTH_15T29,PT_POP_Y15T29,A,2008,12.8
IRL,A3_5,YOUTH_15T29,PT_POP_Y15T29,A,2009,18.6
IRL,A3_5,YOUTH_15T29,PT_POP_Y15T29,A,2010,20.8
IRL,A3_5,YOUTH_15T29,PT_POP_Y15T29,A,2011,21.9
IRL,A3_5,YOUTH_15T29,PT_POP_Y15T29,A,2012,21.1
IRL,A3_5,YOUTH_15T29,PT_POP_Y15T29,A,2013,19.2
IRL,A3_5,YOUTH_15T29,PT_POP_Y15T29,A,2014,18.0
IRL,A3_5,YOUTH_15T29,PT_POP_Y15T29,A,2015,16.2
IRL,A3_5,YOUTH_15T29,PT_POP_Y15T29,A,2016,14.8
IRL,A3_5,YOUTH_15T29,PT_POP_Y15T29,A,2017,13.1
IRL,A3_5,YOUTH_15T29,PT_POP_Y15T29,A,2018,11.7
IRL,A3_5,YOUTH_15T29,PT_POP_Y15T29,A,2019,11.0
IRL,A3_5,YOUTH_15T29,PT_POP_Y15T29,A,2020,11.0
ISL,A3_5,YOUTH_15T29,PT_POP_Y15T29,A,2003,6.6
ISL,A3_5,YOUTH_15T29,PT_POP_Y15T29,A,2004,7.0
ISL,A3_5,YOUTH_15T29,PT_POP_Y15T29,A,2005,5.6
ISL,A3_5,YOUTH_15T29,PT_POP_Y15T29,A,2006,5.4
ISL,A3_5,YOUTH_15T29,PT_POP_Y15T29,A,2007,4.9
ISL,A3_5,YOUTH_15T29,PT_POP_Y15T29,A,2008,6.2
ISL,A3_5,YOUTH_15T29,PT_POP_Y15T29,A,2009,12.1
ISL,A3_5,YOUTH_15T29,PT_POP_Y15T29,A,2010,12.1
ISL,A3_5,YOUTH_15T29,PT_POP_Y15T29,A,2011,10.2
ISL,A3_5,YOUTH_15T29,PT_POP_Y15T29,A,2012,9.8
ISL,A3_5,YOUTH_15T29,PT_POP_Y15T29,A,2013,8.3
ISL,A3_5,YOUTH_15T29,PT_POP_Y15T29,A,2014,9.4
ISL,A3_5,YOUTH_15T29,PT_POP_Y15T29,A,2015,6.9
ISL,A3_5,YOUTH_15T29,PT_POP_Y15T29,A,2016,6.1
ISL,A3_5,YOUTH_15T29,PT_POP_Y15T29,A,2017,5.9
ISL,A3_5,YOUTH_15T29,PT_POP_Y15T29,A,2018,6.9
ISL,A3_5,YOUTH_15T29,PT_POP_Y15T29,A,2019,7.0
ISL,A3_5,YOUTH_15T29,PT_POP_Y15T29,A,2020,9.4
ISR,A3_5,YOUTH_15T29,PT_POP_Y15T29,A,2002,31.5
ISR,A3_5,YOUTH_15T29,PT_POP_Y15T29,A,2003,32.3
ISR,A3_5,YOUTH_15T29,PT_POP_Y15T29,A,2004,30.5
ISR,A3_5,YOUTH_15T29,PT_POP_Y15T29,A,2005,30.8
ISR,A3_5,YOUTH_15T29,PT_POP_Y15T29,A,2006,30.0
ISR,A3_5,YOUTH_15T29,PT_POP_Y15T29,A,2007,29.7
ISR,A3_5,YOUTH_15T29,PT_POP_Y15T29,A,2008,27.5
ISR,A3_5,YOUTH_15T29,PT_POP_Y15T29,A,2009,28.7
ISR,A3_5,YOUTH_15T29,PT_POP_Y15T29,A,2010,27.8
ISR,A3_5,YOUTH_15T29,PT_POP_Y15T29,A,2011,27.6
ISR,A3_5,YOUTH_15T29,PT_POP_Y15T29,A,2012,15.7
ISR,A3_5,YOUTH_15T29,PT_POP_Y15T29,A,2013,15.0
ISR,A3_5,YOUTH_15T29,PT_POP_Y15T29,A,2014,13.8
ISR,A3_5,YOUTH_15T29,PT_POP_Y15T29,A,2015,14.1
ISR,A3_5,YOUTH_15T29,PT_POP_Y15T29,A,2016,13.8
ISR,A3_5,YOUTH_15T29,PT_POP_Y15T29,A,2017,13.6
ISR,A3_5,YOUTH_15T29,PT_POP_Y15T29,A,2018,13.3
ISR,A3_5,YOUTH_15T29,PT_POP_Y15T29,A,2019,12.9
ISR,A3_5,YOUTH_15T29,PT_POP_Y15T29,A,2020,14.0
ITA,A3_5,YOUTH_15T29,PT_POP_Y15T29,A,1998,25.7
ITA,A3_5,YOUTH_15T29,PT_POP_Y15T29,A,1999,25.3
ITA,A3_5,YOUTH_15T29,PT_POP_Y15T29,A,2000,23.3
ITA,A3_5,YOUTH_15T29,PT_POP_Y15T29,A,2001,22.2
ITA,A3_5,YOUTH_15T29,PT_POP_Y15T29,A,2002,20.7
ITA,A3_5,YOUTH_15T29,PT_POP_Y15T29,A,2004,20.5
ITA,A3_5,YOUTH_15T29,PT_POP_Y15T29,A,2005,21.1
ITA,A3_5,YOUTH_15T29,PT_POP_Y15T29,A,2006,20.1
ITA,A3_5,YOUTH_15T29,PT_POP_Y15T29,A,2007,20.0
ITA,A3_5,YOUTH_15T29,PT_POP_Y15T29,A,2008,19.2
ITA,A3_5,YOUTH_15T29,PT_POP_Y15T29,A,2009,21.2
ITA,A3_5,YOUTH_15T29,PT_POP_Y15T29,A,2010,23.0
ITA,A3_5,YOUTH_15T29,PT_POP_Y15T29,A,2011,23.2
ITA,A3_5,YOUTH_15T29,PT_POP_Y15T29,A,2012,24.6
ITA,A3_5,YOUTH_15T29,PT_POP_Y15T29,A,2013,26.1
ITA,A3_5,YOUTH_15T29,PT_POP_Y15T29,A,2014,27.7
ITA,A3_5,YOUTH_15T29,PT_POP_Y15T29,A,2015,27.4
ITA,A3_5,YOUTH_15T29,PT_POP_Y15T29,A,2016,26.0
ITA,A3_5,YOUTH_15T29,PT_POP_Y15T29,A,2017,25.1
ITA,A3_5,YOUTH_15T29,PT_POP_Y15T29,A,2018,23.8
ITA,A3_5,YOUTH_15T29,PT_POP_Y15T29,A,2019,23.7
ITA,A3_5,YOUTH_15T29,PT_POP_Y15T29,A,2020,23.5
JPN,A3_5,YOUTH_15T29,PT_POP_Y15T29,A,2005,12.4
JPN,A3_5,YOUTH_15T29,PT_POP_Y15T29,A,2006,12.0
JPN,A3_5,YOUTH_15T29,PT_POP_Y15T29,A,2007,11.7
JPN,A3_5,YOUTH_15T29,PT_POP_Y15T29,A,2008,11.3
JPN,A3_5,YOUTH_15T29,PT_POP_Y15T29,A,2009,12.2
JPN,A3_5,YOUTH_15T29,PT_POP_Y15T29,A,2010,12.0
JPN,A3_5,YOUTH_15T29,PT_POP_Y15T29,A,2011,11.7
JPN,A3_5,YOUTH_15T29,PT_POP_Y15T29,A,2012,11.5
JPN,A3_5,YOUTH_15T29,PT_POP_Y15T29,A,2013,10.8
JPN,A3_5,YOUTH_15T29,PT_POP_Y15T29,A,2014,9.8
LTU,A3_5,YOUTH_15T29,PT_POP_Y15T29,A,2005,11.4
LTU,A3_5,YOUTH_15T29,PT_POP_Y15T29,A,2010,18.0
LTU,A3_5,YOUTH_15T29,PT_POP_Y15T29,A,2014,14.2
LTU,A3_5,YOUTH_15T29,PT_POP_Y15T29,A,2015,13.7
LTU,A3_5,YOUTH_15T29,PT_POP_Y15T29,A,2016,11.4
LTU,A3_5,YOUTH_15T29,PT_POP_Y15T29,A,2017,11.2
LTU,A3_5,YOUTH_15T29,PT_POP_Y15T29,A,2018,10.5
LTU,A3_5,YOUTH_15T29,PT_POP_Y15T29,A,2019,11.3
LTU,A3_5,YOUTH_15T29,PT_POP_Y15T29,A,2020,12.5
LUX,A3_5,YOUTH_15T29,PT_POP_Y15T29,A,1997,11.2
LUX,A3_5,YOUTH_15T29,PT_POP_Y15T29,A,1998,10.5
LUX,A3_5,YOUTH_15T29,PT_POP_Y15T29,A,1999,10.4
LUX,A3_5,YOUTH_15T29,PT_POP_Y15T29,A,2000,8.1
LUX,A3_5,YOUTH_15T29,PT_POP_Y15T29,A,2001,8.2
LUX,A3_5,YOUTH_15T29,PT_POP_Y15T29,A,2002,7.5
LUX,A3_5,YOUTH_15T29,PT_POP_Y15T29,A,2003,7.0
LUX,A3_5,YOUTH_15T29,PT_POP_Y15T29,A,2004,8.7
LUX,A3_5,YOUTH_15T29,PT_POP_Y15T29,A,2005,7.3
LUX,A3_5,YOUTH_15T29,PT_POP_Y15T29,A,2006,8.6
LUX,A3_5,YOUTH_15T29,PT_POP_Y15T29,A,2007,8.9
LUX,A3_5,YOUTH_15T29,PT_POP_Y15T29,A,2008,8.5
LUX,A3_5,YOUTH_15T29,PT_POP_Y15T29,A,2009,7.9
LUX,A3_5,YOUTH_15T29,PT_POP_Y15T29,A,2010,7.1
LUX,A3_5,YOUTH_15T29,PT_POP_Y15T29,A,2011,7.2
LUX,A3_5,YOUTH_15T29,PT_POP_Y15T29,A,2012,8.2
LUX,A3_5,YOUTH_15T29,PT_POP_Y15T29,A,2013,6.1
LUX,A3_5,YOUTH_15T29,PT_POP_Y15T29,A,2014,8.2
LUX,A3_5,YOUTH_15T29,PT_POP_Y15T29,A,2015,8.4
LUX,A3_5,YOUTH_15T29,PT_POP_Y15T29,A,2017,7.7
LUX,A3_5,YOUTH_15T29,PT_POP_Y15T29,A,2018,8.4
LUX,A3_5,YOUTH_15T29,PT_POP_Y15T29,A,2019,5.5
LUX,A3_5,YOUTH_15T29,PT_POP_Y15T29,A,2020,7.9
LVA,A3_5,YOUTH_15T29,PT_POP_Y15T29,A,2002,17.5
LVA,A3_5,YOUTH_15T29,PT_POP_Y15T29,A,2003,16.9
LVA,A3_5,YOUTH_15T29,PT_POP_Y15T29,A,2004,17.9
LVA,A3_5,YOUTH_15T29,PT_POP_Y15T29,A,2005,17.2
LVA,A3_5,YOUTH_15T29,PT_POP_Y15T29,A,2006,14.4
LVA,A3_5,YOUTH_15T29,PT_POP_Y15T29,A,2007,14.8
LVA,A3_5,YOUTH_15T29,PT_POP_Y15T29,A,2008,12.0
LVA,A3_5,YOUTH_15T29,PT_POP_Y15T29,A,2009,20.2
LVA,A3_5,YOUTH_15T29,PT_POP_Y15T29,A,2010,22.8
LVA,A3_5,YOUTH_15T29,PT_POP_Y15T29,A,2011,19.6
LVA,A3_5,YOUTH_15T29,PT_POP_Y15T29,A,2012,19.1
LVA,A3_5,YOUTH_15T29,PT_POP_Y15T29,A,2013,15.8
LVA,A3_5,YOUTH_15T29,PT_POP_Y15T29,A,2014,14.5
LVA,A3_5,YOUTH_15T29,PT_POP_Y15T29,A,2015,13.0
LVA,A3_5,YOUTH_15T29,PT_POP_Y15T29,A,2016,14.4
LVA,A3_5,YOUTH_15T29,PT_POP_Y15T29,A,2017,13.9
LVA,A3_5,YOUTH_15T29,PT_POP_Y15T29,A,2018,11.2
LVA,A3_5,YOUTH_15T29,PT_POP_Y15T29,A,2019,10.0
LVA,A3_5,YOUTH_15T29,PT_POP_Y15T29,A,2020,13.6
MEX,A3_5,YOUTH_15T29,PT_POP_Y15T29,A,1997,25.4
MEX,A3_5,YOUTH_15T29,PT_POP_Y15T29,A,1998,25.2
MEX,A3_5,YOUTH_15T29,PT_POP_Y15T29,A,1999,24.1
MEX,A3_5,YOUTH_15T29,PT_POP_Y15T29,A,2000,24.6
MEX,A3_5,YOUTH_15T29,PT_POP_Y15T29,A,2001,24.6
MEX,A3_5,YOUTH_15T29,PT_POP_Y15T29,A,2002,24.2
MEX,A3_5,YOUTH_15T29,PT_POP_Y15T29,A,2003,24.8
MEX,A3_5,YOUTH_15T29,PT_POP_Y15T29,A,2004,24.2
MEX,A3_5,YOUTH_15T29,PT_POP_Y15T29,A,2005,23.7
MEX,A3_5,YOUTH_15T29,PT_POP_Y15T29,A,2006,23.2
MEX,A3_5,YOUTH_15T29,PT_POP_Y15T29,A,2007,23.3
MEX,A3_5,YOUTH_15T29,PT_POP_Y15T29,A,2008,23.4
MEX,A3_5,YOUTH_15T29,PT_POP_Y15T29,A,2009,24.4
MEX,A3_5,YOUTH_15T29,PT_POP_Y15T29,A,2010,23.7
MEX,A3_5,YOUTH_15T29,PT_POP_Y15T29,A,2011,24.0
MEX,A3_5,YOUTH_15T29,PT_POP_Y15T29,A,2012,22.9
MEX,A3_5,YOUTH_15T29,PT_POP_Y15T29,A,2013,22.3
MEX,A3_5,YOUTH_15T29,PT_POP_Y15T29,A,2014,22.4
MEX,A3_5,YOUTH_15T29,PT_POP_Y15T29,A,2015,21.9
MEX,A3_5,YOUTH_15T29,PT_POP_Y15T29,A,2016,21.8
MEX,A3_5,YOUTH_15T29,PT_POP_Y15T29,A,2017,21.2
MEX,A3_5,YOUTH_15T29,PT_POP_Y15T29,A,2018,20.9
MEX,A3_5,YOUTH_15T29,PT_POP_Y15T29,A,2019,20.7
MEX,A3_5,YOUTH_15T29,PT_POP_Y15T29,A,2020,22.1
NLD,A3_5,YOUTH_15T29,PT_POP_Y15T29,A,1997,7.9
NLD,A3_5,YOUTH_15T29,PT_POP_Y15T29,A,1998,7.4
NLD,A3_5,YOUTH_15T29,PT_POP_Y15T29,A,1999,6.8
NLD,A3_5,YOUTH_15T29,PT_POP_Y15T29,A,2001,6.7
NLD,A3_5,YOUTH_15T29,PT_POP_Y15T29,A,2002,7.1
NLD,A3_5,YOUTH_15T29,PT_POP_Y15T29,A,2003,7.7
NLD,A3_5,YOUTH_15T29,PT_POP_Y15T29,A,2004,7.5
NLD,A3_5,YOUTH_15T29,PT_POP_Y15T29,A,2005,7.3
NLD,A3_5,YOUTH_15T29,PT_POP_Y15T29,A,2006,6.2
NLD,A3_5,YOUTH_15T29,PT_POP_Y15T29,A,2007,6.7
NLD,A3_5,YOUTH_15T29,PT_POP_Y15T29,A,2008,5.1
NLD,A3_5,YOUTH_15T29,PT_POP_Y15T29,A,2009,7.0
NLD,A3_5,YOUTH_15T29,PT_POP_Y15T29,A,2010,6.8
NLD,A3_5,YOUTH_15T29,PT_POP_Y15T29,A,2011,6.9
NLD,A3_5,YOUTH_15T29,PT_POP_Y15T29,A,2012,6.7
NLD,A3_5,YOUTH_15T29,PT_POP_Y15T29,A,2013,8.9
NLD,A3_5,YOUTH_15T29,PT_POP_Y15T29,A,2014,9.2
NLD,A3_5,YOUTH_15T29,PT_POP_Y15T29,A,2015,8.3
NLD,A3_5,YOUTH_15T29,PT_POP_Y15T29,A,2016,7.8
NLD,A3_5,YOUTH_15T29,PT_POP_Y15T29,A,2017,7.5
NLD,A3_5,YOUTH_15T29,PT_POP_Y15T29,A,2018,7.0
NLD,A3_5,YOUTH_15T29,PT_POP_Y15T29,A,2019,6.9
NLD,A3_5,YOUTH_15T29,PT_POP_Y15T29,A,2020,7.2
NOR,A3_5,YOUTH_15T29,PT_POP_Y15T29,A,1997,8.8
NOR,A3_5,YOUTH_15T29,PT_POP_Y15T29,A,1998,6.8
NOR,A3_5,YOUTH_15T29,PT_POP_Y15T29,A,1999,6.1
NOR,A3_5,YOUTH_15T29,PT_POP_Y15T29,A,2000,7.0
NOR,A3_5,YOUTH_15T29,PT_POP_Y15T29,A,2001,7.5
NOR,A3_5,YOUTH_15T29,PT_POP_Y15T29,A,2002,8.0
NOR,A3_5,YOUTH_15T29,PT_POP_Y15T29,A,2003,8.7
NOR,A3_5,YOUTH_15T29,PT_POP_Y15T29,A,2004,8.6
NOR,A3_5,YOUTH_15T29,PT_POP_Y15T29,A,2005,8.1
NOR,A3_5,YOUTH_15T29,PT_POP_Y15T29,A,2006,7.9
NOR,A3_5,YOUTH_15T29,PT_POP_Y15T29,A,2007,7.5
NOR,A3_5,YOUTH_15T29,PT_POP_Y15T29,A,2008,6.7
NOR,A3_5,YOUTH_15T29,PT_POP_Y15T29,A,2009,8.0
NOR,A3_5,YOUTH_15T29,PT_POP_Y15T29,A,2010,8.4
NOR,A3_5,YOUTH_15T29,PT_POP_Y15T29,A,2011,8.5
NOR,A3_5,YOUTH_15T29,PT_POP_Y15T29,A,2012,8.4
NOR,A3_5,YOUTH_15T29,PT_POP_Y15T29,A,2013,9.1
NOR,A3_5,YOUTH_15T29,PT_POP_Y15T29,A,2014,9.3
NOR,A3_5,YOUTH_15T29,PT_POP_Y15T29,A,2015,9.2
NOR,A3_5,YOUTH_15T29,PT_POP_Y15T29,A,2016,9.4
NOR,A3_5,YOUTH_15T29,PT_POP_Y15T29,A,2017,8.8
NOR,A3_5,YOUTH_15T29,PT_POP_Y15T29,A,2018,8.7
NOR,A3_5,YOUTH_15T29,PT_POP_Y15T29,A,2019,7.9
NOR,A3_5,YOUTH_15T29,PT_POP_Y15T29,A,2020,7.9
NZL,A3_5,YOUTH_15T29,PT_POP_Y15T29,A,2004,12.7
NZL,A3_5,YOUTH_15T29,PT_POP_Y15T29,A,2005,12.0
NZL,A3_5,YOUTH_15T29,PT_POP_Y15T29,A,2006,12.0
NZL,A3_5,YOUTH_15T29,PT_POP_Y15T29,A,2007,12.0
NZL,A3_5,YOUTH_15T29,PT_POP_Y15T29,A,2008,12.1
NZL,A3_5,YOUTH_15T29,PT_POP_Y15T29,A,2009,14.8
NZL,A3_5,YOUTH_15T29,PT_POP_Y15T29,A,2010,15.3
NZL,A3_5,YOUTH_15T29,PT_POP_Y15T29,A,2011,14.3
NZL,A3_5,YOUTH_15T29,PT_POP_Y15T29,A,2012,14.8
NZL,A3_5,YOUTH_15T29,PT_POP_Y15T29,A,2013,14.1
NZL,A3_5,YOUTH_15T29,PT_POP_Y15T29,A,2014,12.9
NZL,A3_5,YOUTH_15T29,PT_POP_Y15T29,A,2015,13.3
NZL,A3_5,YOUTH_15T29,PT_POP_Y15T29,A,2016,11.3
NZL,A3_5,YOUTH_15T29,PT_POP_Y15T29,A,2017,11.2
NZL,A3_5,YOUTH_15T29,PT_POP_Y15T29,A,2018,10.2
NZL,A3_5,YOUTH_15T29,PT_POP_Y15T29,A,2019,11.8
NZL,A3_5,YOUTH_15T29,PT_POP_Y15T29,A,2020,12.4
POL,A3_5,YOUTH_15T29,PT_POP_Y15T29,A,1997,18.8
POL,A3_5,YOUTH_15T29,PT_POP_Y15T29,A,1998,17.6
POL,A3_5,YOUTH_15T29,PT_POP_Y15T29,A,1999,19.9
POL,A3_5,YOUTH_15T29,PT_POP_Y15T29,A,2000,22.1
POL,A3_5,YOUTH_15T29,PT_POP_Y15T29,A,2001,20.7
POL,A3_5,YOUTH_15T29,PT_POP_Y15T29,A,2002,21.0
POL,A3_5,YOUTH_15T29,PT_POP_Y15T29,A,2003,20.5
POL,A3_5,YOUTH_15T29,PT_POP_Y15T29,A,2004,20.3
POL,A3_5,YOUTH_15T29,PT_POP_Y15T29,A,2005,18.4
POL,A3_5,YOUTH_15T29,PT_POP_Y15T29,A,2006,17.4
POL,A3_5,YOUTH_15T29,PT_POP_Y15T29,A,2007,15.5
POL,A3_5,YOUTH_15T29,PT_POP_Y15T29,A,2008,13.7
POL,A3_5,YOUTH_15T29,PT_POP_Y15T29,A,2009,14.2
POL,A3_5,YOUTH_15T29,PT_POP_Y15T29,A,2010,15.0
POL,A3_5,YOUTH_15T29,PT_POP_Y15T29,A,2011,15.5
POL,A3_5,YOUTH_15T29,PT_POP_Y15T29,A,2012,16.0
POL,A3_5,YOUTH_15T29,PT_POP_Y15T29,A,2013,17.0
POL,A3_5,YOUTH_15T29,PT_POP_Y15T29,A,2014,15.8
POL,A3_5,YOUTH_15T29,PT_POP_Y15T29,A,2015,15.6
POL,A3_5,YOUTH_15T29,PT_POP_Y15T29,A,2016,15.1
POL,A3_5,YOUTH_15T29,PT_POP_Y15T29,A,2017,13.3
POL,A3_5,YOUTH_15T29,PT_POP_Y15T29,A,2018,12.7
POL,A3_5,YOUTH_15T29,PT_POP_Y15T29,A,2019,12.5
POL,A3_5,YOUTH_15T29,PT_POP_Y15T29,A,2020,13.5
PRT,A3_5,YOUTH_15T29,PT_POP_Y15T29,A,1997,12.9
PRT,A3_5,YOUTH_15T29,PT_POP_Y15T29,A,1998,12.1
PRT,A3_5,YOUTH_15T29,PT_POP_Y15T29,A,1999,11.3
PRT,A3_5,YOUTH_15T29,PT_POP_Y15T29,A,2000,10.5
PRT,A3_5,YOUTH_15T29,PT_POP_Y15T29,A,2001,9.9
PRT,A3_5,YOUTH_15T29,PT_POP_Y15T29,A,2002,10.7
PRT,A3_5,YOUTH_15T29,PT_POP_Y15T29,A,2003,12.1
PRT,A3_5,YOUTH_15T29,PT_POP_Y15T29,A,2004,12.7
PRT,A3_5,YOUTH_15T29,PT_POP_Y15T29,A,2005,12.9
PRT,A3_5,YOUTH_15T29,PT_POP_Y15T29,A,2006,12.4
PRT,A3_5,YOUTH_15T29,PT_POP_Y15T29,A,2007,13.4
PRT,A3_5,YOUTH_15T29,PT_POP_Y15T29,A,2008,12.2
PRT,A3_5,YOUTH_15T29,PT_POP_Y15T29,A,2009,12.8
PRT,A3_5,YOUTH_15T29,PT_POP_Y15T29,A,2010,13.5
PRT,A3_5,YOUTH_15T29,PT_POP_Y15T29,A,2011,15.3
PRT,A3_5,YOUTH_15T29,PT_POP_Y15T29,A,2012,16.6
PRT,A3_5,YOUTH_15T29,PT_POP_Y15T29,A,2013,17.3
PRT,A3_5,YOUTH_15T29,PT_POP_Y15T29,A,2014,17.7
PRT,A3_5,YOUTH_15T29,PT_POP_Y15T29,A,2015,15.3
PRT,A3_5,YOUTH_15T29,PT_POP_Y15T29,A,2016,15.6
PRT,A3_5,YOUTH_15T29,PT_POP_Y15T29,A,2017,12.4
PRT,A3_5,YOUTH_15T29,PT_POP_Y15T29,A,2018,11.6
PRT,A3_5,YOUTH_15T29,PT_POP_Y15T29,A,2019,11.5
PRT,A3_5,YOUTH_15T29,PT_POP_Y15T29,A,2020,11.1
SVK,A3_5,YOUTH_15T29,PT_POP_Y15T29,A,1997,22.6
SVK,A3_5,YOUTH_15T29,PT_POP_Y15T29,A,1998,23.8
SVK,A3_5,YOUTH_15T29,PT_POP_Y15T29,A,1999,26.7
SVK,A3_5,YOUTH_15T29,PT_POP_Y15T29,A,2000,30.4
SVK,A3_5,YOUTH_15T29,PT_POP_Y15T29,A,2001,31.4
SVK,A3_5,YOUTH_15T29,PT_POP_Y15T29,A,2002,26.8
SVK,A3_5,YOUTH_15T29,PT_POP_Y15T29,A,2003,23.9
SVK,A3_5,YOUTH_15T29,PT_POP_Y15T29,A,2004,21.8
SVK,A3_5,YOUTH_15T29,PT_POP_Y15T29,A,2005,20.5
SVK,A3_5,YOUTH_15T29,PT_POP_Y15T29,A,2006,19.1
SVK,A3_5,YOUTH_15T29,PT_POP_Y15T29,A,2007,17.2
SVK,A3_5,YOUTH_15T29,PT_POP_Y15T29,A,2008,16.2
SVK,A3_5,YOUTH_15T29,PT_POP_Y15T29,A,2009,16.1
SVK,A3_5,YOUTH_15T29,PT_POP_Y15T29,A,2010,18.8
SVK,A3_5,YOUTH_15T29,PT_POP_Y15T29,A,2011,19.1
SVK,A3_5,YOUTH_15T29,PT_POP_Y15T29,A,2012,18.8
SVK,A3_5,YOUTH_15T29,PT_POP_Y15T29,A,2013,19.1
SVK,A3_5,YOUTH_15T29,PT_POP_Y15T29,A,2014,18.7
SVK,A3_5,YOUTH_15T29,PT_POP_Y15T29,A,2015,17.2
SVK,A3_5,YOUTH_15T29,PT_POP_Y15T29,A,2016,15.9
SVK,A3_5,YOUTH_15T29,PT_POP_Y15T29,A,2017,16.2
SVK,A3_5,YOUTH_15T29,PT_POP_Y15T29,A,2018,15.1
SVK,A3_5,YOUTH_15T29,PT_POP_Y15T29,A,2019,13.3
SVK,A3_5,YOUTH_15T29,PT_POP_Y15T29,A,2020,14.2
SVN,A3_5,YOUTH_15T29,PT_POP_Y15T29,A,2003,10.0
SVN,A3_5,YOUTH_15T29,PT_POP_Y15T29,A,2004,9.2
SVN,A3_5,YOUTH_15T29,PT_POP_Y15T29,A,2005,10.1
SVN,A3_5,YOUTH_15T29,PT_POP_Y15T29,A,2006,10.8
SVN,A3_5,YOUTH_15T29,PT_POP_Y15T29,A,2007,10.1
SVN,A3_5,YOUTH_15T29,PT_POP_Y15T29,A,2008,8.5
SVN,A3_5,YOUTH_15T29,PT_POP_Y15T29,A,2009,9.0
SVN,A3_5,YOUTH_15T29,PT_POP_Y15T29,A,2010,8.8
SVN,A3_5,YOUTH_15T29,PT_POP_Y15T29,A,2011,10.7
SVN,A3_5,YOUTH_15T29,PT_POP_Y15T29,A,2012,11.0
SVN,A3_5,YOUTH_15T29,PT_POP_Y15T29,A,2013,13.2
SVN,A3_5,YOUTH_15T29,PT_POP_Y15T29,A,2014,13.7
SVN,A3_5,YOUTH_15T29,PT_POP_Y15T29,A,2015,14.6
SVN,A3_5,YOUTH_15T29,PT_POP_Y15T29,A,2016,11.6
SVN,A3_5,YOUTH_15T29,PT_POP_Y15T29,A,2017,10.9
SVN,A3_5,YOUTH_15T29,PT_POP_Y15T29,A,2018,9.7
SVN,A3_5,YOUTH_15T29,PT_POP_Y15T29,A,2019,9.4
SVN,A3_5,YOUTH_15T29,PT_POP_Y15T29,A,2020,9.1
SWE,A3_5,YOUTH_15T29,PT_POP_Y15T29,A,1997,12.0
SWE,A3_5,YOUTH_15T29,PT_POP_Y15T29,A,1998,9.4
SWE,A3_5,YOUTH_15T29,PT_POP_Y15T29,A,1999,8.1
SWE,A3_5,YOUTH_15T29,PT_POP_Y15T29,A,2000,7.9
SWE,A3_5,YOUTH_15T29,PT_POP_Y15T29,A,2001,7.3
SWE,A3_5,YOUTH_15T29,PT_POP_Y15T29,A,2002,7.9
SWE,A3_5,YOUTH_15T29,PT_POP_Y15T29,A,2003,8.4
SWE,A3_5,YOUTH_15T29,PT_POP_Y15T29,A,2004,9.5
SWE,A3_5,YOUTH_15T29,PT_POP_Y15T29,A,2005,9.2
SWE,A3_5,YOUTH_15T29,PT_POP_Y15T29,A,2006,10.5
SWE,A3_5,YOUTH_15T29,PT_POP_Y15T29,A,2007,10.1
SWE,A3_5,YOUTH_15T29,PT_POP_Y15T29,A,2008,8.7
SWE,A3_5,YOUTH_15T29,PT_POP_Y15T29,A,2009,11.0
SWE,A3_5,YOUTH_15T29,PT_POP_Y15T29,A,2010,10.3
SWE,A3_5,YOUTH_15T29,PT_POP_Y15T29,A,2011,9.1
SWE,A3_5,YOUTH_15T29,PT_POP_Y15T29,A,2012,9.7
SWE,A3_5,YOUTH_15T29,PT_POP_Y15T29,A,2013,9.4
SWE,A3_5,YOUTH_15T29,PT_POP_Y15T29,A,2014,9.4
SWE,A3_5,YOUTH_15T29,PT_POP_Y15T29,A,2015,9.1
SWE,A3_5,YOUTH_15T29,PT_POP_Y15T29,A,2016,8.2
SWE,A3_5,YOUTH_15T29,PT_POP_Y15T29,A,2017,8.0
SWE,A3_5,YOUTH_15T29,PT_POP_Y15T29,A,2018,8.9
SWE,A3_5,YOUTH_15T29,PT_POP_Y15T29,A,2019,7.0
SWE,A3_5,YOUTH_15T29,PT_POP_Y15T29,A,2020,7.6
TUR,A3_5,YOUTH_15T29,PT_POP_Y15T29,A,1997,38.0
TUR,A3_5,YOUTH_15T29,PT_POP_Y15T29,A,1998,35.1
TUR,A3_5,YOUTH_15T29,PT_POP_Y15T29,A,1999,35.2
TUR,A3_5,YOUTH_15T29,PT_POP_Y15T29,A,2000,37.8
TUR,A3_5,YOUTH_15T29,PT_POP_Y15T29,A,2001,38.9
TUR,A3_5,YOUTH_15T29,PT_POP_Y15T29,A,2002,39.6
TUR,A3_5,YOUTH_15T29,PT_POP_Y15T29,A,2003,41.1
TUR,A3_5,YOUTH_15T29,PT_POP_Y15T29,A,2004,41.9
TUR,A3_5,YOUTH_15T29,PT_POP_Y15T29,A,2005,43.6
TUR,A3_5,YOUTH_15T29,PT_POP_Y15T29,A,2006,42.6
TUR,A3_5,YOUTH_15T29,PT_POP_Y15T29,A,2007,41.3
TUR,A3_5,YOUTH_15T29,PT_POP_Y15T29,A,2008,42.0
TUR,A3_5,YOUTH_15T29,PT_POP_Y15T29,A,2009,39.6
TUR,A3_5,YOUTH_15T29,PT_POP_Y15T29,A,2010,36.6
TUR,A3_5,YOUTH_15T29,PT_POP_Y15T29,A,2011,34.6
TUR,A3_5,YOUTH_15T29,PT_POP_Y15T29,A,2013,31.3
TUR,A3_5,YOUTH_15T29,PT_POP_Y15T29,A,2014,31.6
TUR,A3_5,YOUTH_15T29,PT_POP_Y15T29,A,2015,28.8
TUR,A3_5,YOUTH_15T29,PT_POP_Y15T29,A,2016,28.2
TUR,A3_5,YOUTH_15T29,PT_POP_Y15T29,A,2017,27.2
TUR,A3_5,YOUTH_15T29,PT_POP_Y15T29,A,2018,26.5
TUR,A3_5,YOUTH_15T29,PT_POP_Y15T29,A,2019,28.8
USA,A3_5,YOUTH_15T29,PT_POP_Y15T29,A,1997,12.6
USA,A3_5,YOUTH_15T29,PT_POP_Y15T29,A,1998,12.2
USA,A3_5,YOUTH_15T29,PT_POP_Y15T29,A,1999,11.9
USA,A3_5,YOUTH_15T29,PT_POP_Y15T29,A,2000,11.7
USA,A3_5,YOUTH_15T29,PT_POP_Y15T29,A,2001,12.0
USA,A3_5,YOUTH_15T29,PT_POP_Y15T29,A,2002,13.4
USA,A3_5,YOUTH_15T29,PT_POP_Y15T29,A,2003,12.9
USA,A3_5,YOUTH_15T29,PT_POP_Y15T29,A,2004,13.1
USA,A3_5,YOUTH_15T29,PT_POP_Y15T29,A,2005,13.4
USA,A3_5,YOUTH_15T29,PT_POP_Y15T29,A,2006,12.5
USA,A3_5,YOUTH_15T29,PT_POP_Y15T29,A,2007,12.1
USA,A3_5,YOUTH_15T29,PT_POP_Y15T29,A,2008,12.8
USA,A3_5,YOUTH_15T29,PT_POP_Y15T29,A,2009,14.5
USA,A3_5,YOUTH_15T29,PT_POP_Y15T29,A,2010,15.6
USA,A3_5,YOUTH_15T29,PT_POP_Y15T29,A,2011,14.8
USA,A3_5,YOUTH_15T29,PT_POP_Y15T29,A,2012,14.0
USA,A3_5,YOUTH_15T29,PT_POP_Y15T29,A,2013,17.0
USA,A3_5,YOUTH_15T29,PT_POP_Y15T29,A,2014,16.4
USA,A3_5,YOUTH_15T29,PT_POP_Y15T29,A,2015,15.6
USA,A3_5,YOUTH_15T29,PT_POP_Y15T29,A,2016,14.7
USA,A3_5,YOUTH_15T29,PT_POP_Y15T29,A,2017,13.7
USA,A3_5,YOUTH_15T29,PT_POP_Y15T29,A,2018,13.5
USA,A3_5,YOUTH_15T29,PT_POP_Y15T29,A,2019,13.4
USA,A3_5,YOUTH_15T29,PT_POP_Y15T29,A,2020,13.4
ZAF,A3_5,YOUTH_15T29,PT_POP_Y15T29,A,2013,37.2
ZAF,A3_5,YOUTH_15T29,PT_POP_Y15T29,A,2014,36.7
ZAF,A3_5,YOUTH_15T29,PT_POP_Y15T29,A,2015,35.9
ZAF,A3_5,YOUTH_15T29,PT_POP_Y15T29,A,2016,36.9
ZAF,A3_5,YOUTH_15T29,PT_POP_Y15T29,A,2017,37.4
ZAF,A3_5,YOUTH_15T29,PT_POP_Y15T29,A,2018,38.0
ZAF,A3_5,YOUTH_15T29,PT_POP_Y15T29,A,2019,39.1
ZAF,A3_5,YOUTH_15T29,PT_POP_Y15T29,A,2020,40.9
