country_code,indicator,subject,measure,frequency,time,value
AUS,WAGELEVEL,LPAY,PC,A,1975,11.2508553764836
AUS,WAGELEVEL,LPAY,PC,A,1976,11.5901026182027
AUS,WAGELEVEL,LPAY,PC,A,1977,11.7069002349925
AUS,WAGELEVEL,LPAY,PC,A,1978,12.7723215337149
AUS,WAGELEVEL,LPAY,PC,A,1979,13.5898865960216
AUS,WAGELEVEL,LPAY,PC,A,1980,13.5403240655496
AUS,WAGELEVEL,LPAY,PC,A,1981,13.9344079050323
AUS,WAGELEVEL,LPAY,PC,A,1982,14.3622189583098
AUS,WAGELEVEL,LPAY,PC,A,1983,14.5797242048368
AUS,WAGELEVEL,LPAY,PC,A,1984,14.445819736694
AUS,WAGELEVEL,LPAY,PC,A,1985,13.4674207248641
AUS,WAGELEVEL,LPAY,PC,A,1986,13.9756087087216
AUS,WAGELEVEL,LPAY,PC,A,1987,13.9363885088919
AUS,WAGELEVEL,LPAY,PC,A,1988,14.5263885219583
AUS,WAGELEVEL,LPAY,PC,A,1989,14.5436760103277
AUS,WAGELEVEL,LPAY,PC,A,1990,14.740810635167
AUS,WAGELEVEL,LPAY,PC,A,1991,13.9151470797504
AUS,WAGELEVEL,LPAY,PC,A,1992,13.8645166837184
AUS,WAGELEVEL,LPAY,PC,A,1993,13.1674364785664
AUS,WAGELEVEL,LPAY,PC,A,1994,13.5079423222537
AUS,WAGELEVEL,LPAY,PC,A,1995,13.8290371671028
AUS,WAGELEVEL,LPAY,PC,A,1997,12.1775502145619
AUS,WAGELEVEL,LPAY,PC,A,1998,12.7617214281984
AUS,WAGELEVEL,LPAY,PC,A,1999,14.3537848280428
AUS,WAGELEVEL,LPAY,PC,A,2000,16.3548195076221
AUS,WAGELEVEL,LPAY,PC,A,2001,15.5377691303996
AUS,WAGELEVEL,LPAY,PC,A,2002,15.1283188803772
AUS,WAGELEVEL,LPAY,PC,A,2003,14.920193356645
AUS,WAGELEVEL,LPAY,PC,A,2004,15.4543009896955
AUS,WAGELEVEL,LPAY,PC,A,2005,15.8155971338919
AUS,WAGELEVEL,LPAY,PC,A,2006,15.1551832124049
AUS,WAGELEVEL,LPAY,PC,A,2007,15.9726494362297
AUS,WAGELEVEL,LPAY,PC,A,2008,17.5107095317818
AUS,WAGELEVEL,LPAY,PC,A,2009,14.5199094102225
AUS,WAGELEVEL,LPAY,PC,A,2010,15.9802656198485
AUS,WAGELEVEL,LPAY,PC,A,2011,16.8549551513812
AUS,WAGELEVEL,LPAY,PC,A,2012,17.5887595810257
AUS,WAGELEVEL,LPAY,PC,A,2013,15.8805478699985
AUS,WAGELEVEL,LPAY,PC,A,2014,14.7529983912524
AUS,WAGELEVEL,LPAY,PC,A,2015,15.4360905221714
AUS,WAGELEVEL,LPAY,PC,A,2016,15.632662037025
AUS,WAGELEVEL,LPAY,PC,A,2017,15.0616443644929
AUS,WAGELEVEL,LPAY,PC,A,2018,15.4324258284697
AUS,WAGELEVEL,LPAY,PC,A,2019,15.4576924077978
AUT,WAGELEVEL,LPAY,PC,A,2004,15.1530881469905
AUT,WAGELEVEL,LPAY,PC,A,2005,15.2759616418695
AUT,WAGELEVEL,LPAY,PC,A,2006,15.789915057348
AUT,WAGELEVEL,LPAY,PC,A,2007,16.1934824786558
AUT,WAGELEVEL,LPAY,PC,A,2008,15.8655557860972
AUT,WAGELEVEL,LPAY,PC,A,2009,16.0218084986964
AUT,WAGELEVEL,LPAY,PC,A,2010,16.4701128031366
AUT,WAGELEVEL,LPAY,PC,A,2011,16.0763005791486
AUT,WAGELEVEL,LPAY,PC,A,2012,16.0727266833728
AUT,WAGELEVEL,LPAY,PC,A,2013,15.8536380532999
AUT,WAGELEVEL,LPAY,PC,A,2014,15.8869886861039
AUT,WAGELEVEL,LPAY,PC,A,2015,15.8611061647495
AUT,WAGELEVEL,LPAY,PC,A,2016,15.4306909837204
AUT,WAGELEVEL,LPAY,PC,A,2017,15.1370649130179
AUT,WAGELEVEL,LPAY,PC,A,2018,14.9266828183379
AUT,WAGELEVEL,LPAY,PC,A,2019,14.7446410862766
AUT,WAGELEVEL,LPAY,PC,A,2020,14.6743424195433
AUT,WAGELEVEL,LPAY,PC,A,2021,14.9569576909318
AUT,WAGELEVEL,HPAY,PC,A,2004,19.6780539285953
AUT,WAGELEVEL,HPAY,PC,A,2005,20.0000201017349
AUT,WAGELEVEL,HPAY,PC,A,2006,20.2032311752137
AUT,WAGELEVEL,HPAY,PC,A,2007,20.3799333095786
AUT,WAGELEVEL,HPAY,PC,A,2008,20.455820742326
AUT,WAGELEVEL,HPAY,PC,A,2009,20.7936255384528
AUT,WAGELEVEL,HPAY,PC,A,2010,20.7341335374644
AUT,WAGELEVEL,HPAY,PC,A,2011,20.7264482690341
AUT,WAGELEVEL,HPAY,PC,A,2012,20.8531018048676
AUT,WAGELEVEL,HPAY,PC,A,2013,20.7018643406519
AUT,WAGELEVEL,HPAY,PC,A,2014,20.7778648867229
AUT,WAGELEVEL,HPAY,PC,A,2015,20.9069173878462
AUT,WAGELEVEL,HPAY,PC,A,2016,20.9486286942175
AUT,WAGELEVEL,HPAY,PC,A,2017,20.7899879587043
AUT,WAGELEVEL,HPAY,PC,A,2018,20.8102233823954
AUT,WAGELEVEL,HPAY,PC,A,2019,20.6072527416642
AUT,WAGELEVEL,HPAY,PC,A,2020,20.6248576069142
AUT,WAGELEVEL,HPAY,PC,A,2021,20.3948199733399
BEL,WAGELEVEL,LPAY,PC,A,2004,6.29874025194961
BEL,WAGELEVEL,LPAY,PC,A,2005,6.6993300669933
BEL,WAGELEVEL,LPAY,PC,A,2006,6.2993700629937
BEL,WAGELEVEL,LPAY,PC,A,2007,5.6005600560056
BEL,WAGELEVEL,LPAY,PC,A,2008,3.99988000359989
BEL,WAGELEVEL,LPAY,PC,A,2009,3.7
BEL,WAGELEVEL,LPAY,PC,A,2010,4.3
BEL,WAGELEVEL,LPAY,PC,A,2011,5.4
BEL,WAGELEVEL,LPAY,PC,A,2012,6.0
BEL,WAGELEVEL,LPAY,PC,A,2013,4.60013203955377
BEL,WAGELEVEL,LPAY,PC,A,2014,3.4
BEL,WAGELEVEL,LPAY,PC,A,2015,4.6
BEL,WAGELEVEL,LPAY,PC,A,2016,4.1
BEL,WAGELEVEL,LPAY,PC,A,2017,5.5
BEL,WAGELEVEL,LPAY,PC,A,2018,9.2
BEL,WAGELEVEL,LPAY,PC,A,2019,11.5
BEL,WAGELEVEL,LPAY,PC,A,2020,12.0
BEL,WAGELEVEL,HPAY,PC,A,1999,10.6
BEL,WAGELEVEL,HPAY,PC,A,2000,11.6011601160116
BEL,WAGELEVEL,HPAY,PC,A,2001,11.001100110011
BEL,WAGELEVEL,HPAY,PC,A,2002,10.6989301069893
BEL,WAGELEVEL,HPAY,PC,A,2003,12.4
BEL,WAGELEVEL,HPAY,PC,A,2004,12.6974605078984
BEL,WAGELEVEL,HPAY,PC,A,2005,13.3986601339866
BEL,WAGELEVEL,HPAY,PC,A,2006,12.7987201279872
BEL,WAGELEVEL,HPAY,PC,A,2007,11.4011401140114
BEL,WAGELEVEL,HPAY,PC,A,2008,11.1996640100797
BEL,WAGELEVEL,HPAY,PC,A,2009,11.7
BEL,WAGELEVEL,HPAY,PC,A,2010,13.1
BEL,WAGELEVEL,HPAY,PC,A,2011,13.8
BEL,WAGELEVEL,HPAY,PC,A,2012,13.4
BEL,WAGELEVEL,HPAY,PC,A,2013,13.8
BEL,WAGELEVEL,HPAY,PC,A,2014,12.9
BEL,WAGELEVEL,HPAY,PC,A,2015,13.5
BEL,WAGELEVEL,HPAY,PC,A,2016,13.9
BEL,WAGELEVEL,HPAY,PC,A,2017,13.8
BEL,WAGELEVEL,HPAY,PC,A,2018,11.9
BEL,WAGELEVEL,HPAY,PC,A,2019,12.6
BEL,WAGELEVEL,HPAY,PC,A,2020,12.7
CAN,WAGELEVEL,LPAY,PC,A,1997,21.880982179649
CAN,WAGELEVEL,LPAY,PC,A,1998,21.177603252845
CAN,WAGELEVEL,LPAY,PC,A,1999,23.0643019142477
CAN,WAGELEVEL,LPAY,PC,A,2000,23.250933612223
CAN,WAGELEVEL,LPAY,PC,A,2001,22.0236714127944
CAN,WAGELEVEL,LPAY,PC,A,2002,22.382220241102
CAN,WAGELEVEL,LPAY,PC,A,2003,22.0068583129789
CAN,WAGELEVEL,LPAY,PC,A,2004,22.4001299715378
CAN,WAGELEVEL,LPAY,PC,A,2005,21.3412406984552
CAN,WAGELEVEL,LPAY,PC,A,2006,22.5012407222861
CAN,WAGELEVEL,LPAY,PC,A,2007,22.0087817062064
CAN,WAGELEVEL,LPAY,PC,A,2008,22.1184321748919
CAN,WAGELEVEL,LPAY,PC,A,2009,20.6307930173176
CAN,WAGELEVEL,LPAY,PC,A,2010,21.2076834099696
CAN,WAGELEVEL,LPAY,PC,A,2011,21.5951235887348
CAN,WAGELEVEL,LPAY,PC,A,2012,21.8497443195449
CAN,WAGELEVEL,LPAY,PC,A,2013,20.9601247133061
CAN,WAGELEVEL,LPAY,PC,A,2014,22.4454281498186
CAN,WAGELEVEL,LPAY,PC,A,2015,22.1803473660353
CAN,WAGELEVEL,LPAY,PC,A,2016,22.3428150427257
CAN,WAGELEVEL,LPAY,PC,A,2017,22.0107809846944
CAN,WAGELEVEL,LPAY,PC,A,2018,20.6792952745909
CAN,WAGELEVEL,LPAY,PC,A,2019,19.3774776501261
CAN,WAGELEVEL,LPAY,PC,A,2020,18.6743125446917
CAN,WAGELEVEL,LPAY,PC,A,2021,19.543631583376
CAN,WAGELEVEL,HPAY,PC,A,1997,19.5781513281618
CAN,WAGELEVEL,HPAY,PC,A,1998,20.6322715636815
CAN,WAGELEVEL,HPAY,PC,A,1999,20.4705210382526
CAN,WAGELEVEL,HPAY,PC,A,2000,20.4231113826294
CAN,WAGELEVEL,HPAY,PC,A,2001,20.1478086766028
CAN,WAGELEVEL,HPAY,PC,A,2002,19.7413003303652
CAN,WAGELEVEL,HPAY,PC,A,2003,20.4082809217653
CAN,WAGELEVEL,HPAY,PC,A,2004,20.7262585522156
CAN,WAGELEVEL,HPAY,PC,A,2005,20.5459998354381
CAN,WAGELEVEL,HPAY,PC,A,2006,21.5631143352333
CAN,WAGELEVEL,HPAY,PC,A,2007,22.3066484364668
CAN,WAGELEVEL,HPAY,PC,A,2008,21.4859287944327
CAN,WAGELEVEL,HPAY,PC,A,2009,22.1300558192506
CAN,WAGELEVEL,HPAY,PC,A,2010,21.4166557885355
CAN,WAGELEVEL,HPAY,PC,A,2011,22.2926488279651
CAN,WAGELEVEL,HPAY,PC,A,2012,22.0635419954674
CAN,WAGELEVEL,HPAY,PC,A,2013,23.1437563007447
CAN,WAGELEVEL,HPAY,PC,A,2014,22.4292113918602
CAN,WAGELEVEL,HPAY,PC,A,2015,22.8758506653392
CAN,WAGELEVEL,HPAY,PC,A,2016,22.3163248328948
CAN,WAGELEVEL,HPAY,PC,A,2017,22.5056582544189
CAN,WAGELEVEL,HPAY,PC,A,2018,22.1761150545507
CAN,WAGELEVEL,HPAY,PC,A,2019,22.6855205722467
CAN,WAGELEVEL,HPAY,PC,A,2020,21.603937512881
CAN,WAGELEVEL,HPAY,PC,A,2021,20.7086011498848
CZE,WAGELEVEL,LPAY,PC,A,1996,16.9542109863328
CZE,WAGELEVEL,LPAY,PC,A,1997,17.1497902122456
CZE,WAGELEVEL,LPAY,PC,A,1999,17.6252438968093
CZE,WAGELEVEL,LPAY,PC,A,2001,17.4444417121084
CZE,WAGELEVEL,LPAY,PC,A,2002,18.3923204731658
CZE,WAGELEVEL,LPAY,PC,A,2003,19.0362273006795
CZE,WAGELEVEL,LPAY,PC,A,2004,19.6798782864496
CZE,WAGELEVEL,LPAY,PC,A,2005,20.0310956263525
CZE,WAGELEVEL,LPAY,PC,A,2006,19.7384172731667
CZE,WAGELEVEL,LPAY,PC,A,2007,19.6564655661961
CZE,WAGELEVEL,LPAY,PC,A,2008,19.7032947461146
CZE,WAGELEVEL,LPAY,PC,A,2009,20.042805677142
CZE,WAGELEVEL,LPAY,PC,A,2010,20.1832924309899
CZE,WAGELEVEL,LPAY,PC,A,2011,20.1530632397961
CZE,WAGELEVEL,LPAY,PC,A,2012,19.7500015800001
CZE,WAGELEVEL,LPAY,PC,A,2013,19.9500021945002
CZE,WAGELEVEL,LPAY,PC,A,2014,20.2600020260002
CZE,WAGELEVEL,LPAY,PC,A,2015,20.6500022715002
CZE,WAGELEVEL,LPAY,PC,A,2016,19.7600017784002
CZE,WAGELEVEL,LPAY,PC,A,2017,19.8700023844003
CZE,WAGELEVEL,LPAY,PC,A,2018,19.6800025584003
CZE,WAGELEVEL,LPAY,PC,A,2019,18.36
CZE,WAGELEVEL,LPAY,PC,A,2020,17.77
CZE,WAGELEVEL,LPAY,PC,A,2021,17.25
CZE,WAGELEVEL,LPAY,PC,A,2022,17.34
DNK,WAGELEVEL,LPAY,PC,A,2002,7.36122849771702
DNK,WAGELEVEL,LPAY,PC,A,2003,7.46181612589425
DNK,WAGELEVEL,LPAY,PC,A,2004,6.67957688875175
DNK,WAGELEVEL,LPAY,PC,A,2005,6.4025518213725
DNK,WAGELEVEL,LPAY,PC,A,2006,7.57261291359087
DNK,WAGELEVEL,LPAY,PC,A,2007,7.83927659106981
DNK,WAGELEVEL,LPAY,PC,A,2008,7.88824572304625
DNK,WAGELEVEL,LPAY,PC,A,2009,7.27732446593039
DNK,WAGELEVEL,LPAY,PC,A,2010,7.57778967074395
DNK,WAGELEVEL,LPAY,PC,A,2011,7.49137798746154
DNK,WAGELEVEL,LPAY,PC,A,2012,7.57251517367582
DNK,WAGELEVEL,LPAY,PC,A,2013,7.88625962900836
DNK,WAGELEVEL,LPAY,PC,A,2014,8.41933543002542
DNK,WAGELEVEL,LPAY,PC,A,2015,8.23666335549489
DNK,WAGELEVEL,LPAY,PC,A,2016,8.23258267523412
DNK,WAGELEVEL,LPAY,PC,A,2017,8.51944995079203
DNK,WAGELEVEL,LPAY,PC,A,2018,8.72529216888955
DNK,WAGELEVEL,LPAY,PC,A,2021,9.54
FIN,WAGELEVEL,LPAY,PC,A,2001,4.60413920379647
FIN,WAGELEVEL,LPAY,PC,A,2002,7.28614371650907
FIN,WAGELEVEL,LPAY,PC,A,2003,6.41170216655543
FIN,WAGELEVEL,LPAY,PC,A,2004,6.95710634285442
FIN,WAGELEVEL,LPAY,PC,A,2005,6.91340131252389
FIN,WAGELEVEL,LPAY,PC,A,2006,7.4813619093954
FIN,WAGELEVEL,LPAY,PC,A,2007,7.90949645911956
FIN,WAGELEVEL,LPAY,PC,A,2008,8.47315837603835
FIN,WAGELEVEL,LPAY,PC,A,2009,8.48211949443856
FIN,WAGELEVEL,LPAY,PC,A,2010,8.12301878027834
FIN,WAGELEVEL,LPAY,PC,A,2011,9.27104253736019
FIN,WAGELEVEL,LPAY,PC,A,2012,8.91338023164926
FIN,WAGELEVEL,LPAY,PC,A,2013,9.07225222869386
FIN,WAGELEVEL,LPAY,PC,A,2014,8.44907407407407
FIN,WAGELEVEL,LPAY,PC,A,2015,7.76817579982511
FIN,WAGELEVEL,LPAY,PC,A,2016,7.07586810853079
FIN,WAGELEVEL,LPAY,PC,A,2017,7.55308566616365
FIN,WAGELEVEL,LPAY,PC,A,2018,7.31696261103491
FIN,WAGELEVEL,LPAY,PC,A,2019,8.62715571672965
FIN,WAGELEVEL,LPAY,PC,A,2021,8.35929361939368
FIN,WAGELEVEL,HPAY,PC,A,2001,15.8565105735796
FIN,WAGELEVEL,HPAY,PC,A,2002,15.9578155661919
FIN,WAGELEVEL,HPAY,PC,A,2003,15.8652994830406
FIN,WAGELEVEL,HPAY,PC,A,2004,15.3026000838943
FIN,WAGELEVEL,HPAY,PC,A,2005,16.2953532781668
FIN,WAGELEVEL,HPAY,PC,A,2006,16.0653451034762
FIN,WAGELEVEL,HPAY,PC,A,2007,16.7871535104863
FIN,WAGELEVEL,HPAY,PC,A,2008,16.5132748927306
FIN,WAGELEVEL,HPAY,PC,A,2009,16.6847089044424
FIN,WAGELEVEL,HPAY,PC,A,2010,17.1581692562012
FIN,WAGELEVEL,HPAY,PC,A,2011,16.8961883422277
FIN,WAGELEVEL,HPAY,PC,A,2012,16.3697150572017
FIN,WAGELEVEL,HPAY,PC,A,2013,15.9206865987975
FIN,WAGELEVEL,HPAY,PC,A,2014,16.5631323827004
FIN,WAGELEVEL,HPAY,PC,A,2015,17.045943990127
FIN,WAGELEVEL,HPAY,PC,A,2016,16.5926185617283
FIN,WAGELEVEL,HPAY,PC,A,2017,17.3007415320097
FIN,WAGELEVEL,HPAY,PC,A,2018,16.9503685072218
FIN,WAGELEVEL,HPAY,PC,A,2019,16.9999108202292
FIN,WAGELEVEL,HPAY,PC,A,2021,17.1674632323403
DEU,WAGELEVEL,LPAY,PC,A,1992,20.8478302000736
DEU,WAGELEVEL,LPAY,PC,A,1993,16.5457552233573
DEU,WAGELEVEL,LPAY,PC,A,1994,14.5083939380005
DEU,WAGELEVEL,LPAY,PC,A,1995,13.5554760695159
DEU,WAGELEVEL,LPAY,PC,A,1996,13.776317212292
DEU,WAGELEVEL,LPAY,PC,A,1997,14.1015683697079
DEU,WAGELEVEL,LPAY,PC,A,1998,15.2114979646625
DEU,WAGELEVEL,LPAY,PC,A,1999,15.5136088322748
DEU,WAGELEVEL,LPAY,PC,A,2000,15.6492063492311
DEU,WAGELEVEL,LPAY,PC,A,2001,16.410454111574
DEU,WAGELEVEL,LPAY,PC,A,2002,17.3299578020333
DEU,WAGELEVEL,LPAY,PC,A,2003,17.309779571646
DEU,WAGELEVEL,LPAY,PC,A,2004,17.5733649730773
DEU,WAGELEVEL,LPAY,PC,A,2005,17.3687259215329
DEU,WAGELEVEL,LPAY,PC,A,2006,18.2359837686858
DEU,WAGELEVEL,LPAY,PC,A,2007,17.7213154309792
DEU,WAGELEVEL,LPAY,PC,A,2008,17.290333938249
DEU,WAGELEVEL,LPAY,PC,A,2009,19.0390593855356
DEU,WAGELEVEL,LPAY,PC,A,2010,18.9309608698091
DEU,WAGELEVEL,LPAY,PC,A,2011,18.9015692074557
DEU,WAGELEVEL,LPAY,PC,A,2012,19.1009332196592
DEU,WAGELEVEL,LPAY,PC,A,2013,18.6147400653747
DEU,WAGELEVEL,LPAY,PC,A,2014,18.0118112042262
DEU,WAGELEVEL,LPAY,PC,A,2015,19.2298780101348
DEU,WAGELEVEL,LPAY,PC,A,2016,18.8304442652242
DEU,WAGELEVEL,LPAY,PC,A,2017,17.1659917908913
DEU,WAGELEVEL,LPAY,PC,A,2018,17.6344353557663
DEU,WAGELEVEL,LPAY,PC,A,2019,17.7660707938287
DEU,WAGELEVEL,LPAY,PC,A,2020,17.4517417493025
DEU,WAGELEVEL,LPAY,PC,A,2021,16.2956952115792
DEU,WAGELEVEL,HPAY,PC,A,1992,16.765799246067
DEU,WAGELEVEL,HPAY,PC,A,1993,17.2209361177012
DEU,WAGELEVEL,HPAY,PC,A,1994,15.5381154816345
DEU,WAGELEVEL,HPAY,PC,A,1995,16.6994608772034
DEU,WAGELEVEL,HPAY,PC,A,1996,16.6199456814864
DEU,WAGELEVEL,HPAY,PC,A,1997,15.7503879800691
DEU,WAGELEVEL,HPAY,PC,A,1998,17.0152082448036
DEU,WAGELEVEL,HPAY,PC,A,1999,17.2709621873573
DEU,WAGELEVEL,HPAY,PC,A,2000,16.0928364208373
DEU,WAGELEVEL,HPAY,PC,A,2001,15.9279308715239
DEU,WAGELEVEL,HPAY,PC,A,2002,16.0032383443646
DEU,WAGELEVEL,HPAY,PC,A,2003,15.9437013135814
DEU,WAGELEVEL,HPAY,PC,A,2004,17.0158451102033
DEU,WAGELEVEL,HPAY,PC,A,2005,16.281740916805
DEU,WAGELEVEL,HPAY,PC,A,2006,17.9755659724432
DEU,WAGELEVEL,HPAY,PC,A,2007,16.608397795376
DEU,WAGELEVEL,HPAY,PC,A,2008,17.2444952014541
DEU,WAGELEVEL,HPAY,PC,A,2009,16.9111820148516
DEU,WAGELEVEL,HPAY,PC,A,2010,17.1857078733881
DEU,WAGELEVEL,HPAY,PC,A,2011,18.7883136699658
DEU,WAGELEVEL,HPAY,PC,A,2012,18.3624547115868
DEU,WAGELEVEL,HPAY,PC,A,2013,18.917006170157
DEU,WAGELEVEL,HPAY,PC,A,2014,18.7119132231636
DEU,WAGELEVEL,HPAY,PC,A,2015,20.0577150646645
DEU,WAGELEVEL,HPAY,PC,A,2016,18.3385266403407
DEU,WAGELEVEL,HPAY,PC,A,2017,19.1509283666767
DEU,WAGELEVEL,HPAY,PC,A,2018,18.9828919553293
DEU,WAGELEVEL,HPAY,PC,A,2019,17.767710774759
DEU,WAGELEVEL,HPAY,PC,A,2020,17.9523444108656
DEU,WAGELEVEL,HPAY,PC,A,2021,18.3306662981203
GRC,WAGELEVEL,LPAY,PC,A,2002,12.3333333333333
GRC,WAGELEVEL,LPAY,PC,A,2006,15.7777777777777
GRC,WAGELEVEL,LPAY,PC,A,2010,12.547619047619
GRC,WAGELEVEL,LPAY,PC,A,2014,15.9607843137254
GRC,WAGELEVEL,LPAY,PC,A,2018,16.4285714285714
GRC,WAGELEVEL,LPAY,PC,A,2019,15.8258168369903
GRC,WAGELEVEL,LPAY,PC,A,2020,12.1113601708027
GRC,WAGELEVEL,HPAY,PC,A,2002,26.999120750293
GRC,WAGELEVEL,HPAY,PC,A,2006,20.9997012547301
GRC,WAGELEVEL,HPAY,PC,A,2010,18.9989990335496
GRC,WAGELEVEL,HPAY,PC,A,2014,20.9997567353889
GRC,WAGELEVEL,HPAY,PC,A,2018,25.9999731364362
GRC,WAGELEVEL,HPAY,PC,A,2019,26.579663138492
GRC,WAGELEVEL,HPAY,PC,A,2020,28.1321657583379
HUN,WAGELEVEL,LPAY,PC,A,1986,13.1102017440757
HUN,WAGELEVEL,LPAY,PC,A,1989,16.3530822020245
HUN,WAGELEVEL,LPAY,PC,A,1992,19.4
HUN,WAGELEVEL,LPAY,PC,A,1993,19.22
HUN,WAGELEVEL,LPAY,PC,A,1994,20.78
HUN,WAGELEVEL,LPAY,PC,A,1995,19.94
HUN,WAGELEVEL,LPAY,PC,A,1996,21.0055823613112
HUN,WAGELEVEL,LPAY,PC,A,1997,21.8678805124363
HUN,WAGELEVEL,LPAY,PC,A,1998,21.9976953312571
HUN,WAGELEVEL,LPAY,PC,A,1999,22.6714076786994
HUN,WAGELEVEL,LPAY,PC,A,2000,23.41
HUN,WAGELEVEL,LPAY,PC,A,2001,21.74
HUN,WAGELEVEL,LPAY,PC,A,2002,21.67
HUN,WAGELEVEL,LPAY,PC,A,2003,22.69
HUN,WAGELEVEL,LPAY,PC,A,2004,22.95
HUN,WAGELEVEL,LPAY,PC,A,2005,23.09
HUN,WAGELEVEL,LPAY,PC,A,2006,23.11
HUN,WAGELEVEL,LPAY,PC,A,2007,21.16
HUN,WAGELEVEL,LPAY,PC,A,2008,20.79
HUN,WAGELEVEL,LPAY,PC,A,2009,21.79
HUN,WAGELEVEL,LPAY,PC,A,2010,21.0
HUN,WAGELEVEL,LPAY,PC,A,2011,19.99
HUN,WAGELEVEL,LPAY,PC,A,2012,17.39
HUN,WAGELEVEL,LPAY,PC,A,2013,16.81
HUN,WAGELEVEL,LPAY,PC,A,2014,18.65
HUN,WAGELEVEL,LPAY,PC,A,2015,19.78
HUN,WAGELEVEL,LPAY,PC,A,2016,19.55
HUN,WAGELEVEL,LPAY,PC,A,2017,15.72
HUN,WAGELEVEL,LPAY,PC,A,2018,15.97
HUN,WAGELEVEL,LPAY,PC,A,2019,20.2640643336244
HUN,WAGELEVEL,LPAY,PC,A,2020,19.8492493776121
HUN,WAGELEVEL,LPAY,PC,A,2021,21.04
ISL,WAGELEVEL,LPAY,PC,A,2002,7.38572775856649
ISL,WAGELEVEL,LPAY,PC,A,2006,7.33333333333333
ISL,WAGELEVEL,LPAY,PC,A,2010,6.45098039215686
ISL,WAGELEVEL,LPAY,PC,A,2014,8.22549019607843
ISL,WAGELEVEL,LPAY,PC,A,2018,7.5986394557823
ISL,WAGELEVEL,HPAY,PC,A,2002,24.9986753386284
ISL,WAGELEVEL,HPAY,PC,A,2006,26.9998944001931
ISL,WAGELEVEL,HPAY,PC,A,2010,21.999874520489
ISL,WAGELEVEL,HPAY,PC,A,2014,20.9981533617897
ISL,WAGELEVEL,HPAY,PC,A,2018,20.9986535631992
IRL,WAGELEVEL,LPAY,PC,A,2002,16.4615384615384
IRL,WAGELEVEL,LPAY,PC,A,2006,18.094017094017
IRL,WAGELEVEL,LPAY,PC,A,2010,17.7154471544715
IRL,WAGELEVEL,LPAY,PC,A,2014,17.020202020202
IRL,WAGELEVEL,LPAY,PC,A,2018,14.9027777777777
IRL,WAGELEVEL,LPAY,PC,A,2019,17.9795540804576
ITA,WAGELEVEL,LPAY,PC,A,2002,5.66666666666666
ITA,WAGELEVEL,LPAY,PC,A,2006,8.18055555555555
ITA,WAGELEVEL,LPAY,PC,A,2010,8.14492753623188
ITA,WAGELEVEL,LPAY,PC,A,2014,4.64957264957264
ITA,WAGELEVEL,LPAY,PC,A,2018,3.71171171171171
ITA,WAGELEVEL,LPAY,PC,A,2019,3.31948634584605
ITA,WAGELEVEL,LPAY,PC,A,2020,3.638291456823
ITA,WAGELEVEL,HPAY,PC,A,2002,17.9992955365193
ITA,WAGELEVEL,HPAY,PC,A,2006,18.9989629117487
ITA,WAGELEVEL,HPAY,PC,A,2010,17.9996978330311
ITA,WAGELEVEL,HPAY,PC,A,2014,18.9999474236601
ITA,WAGELEVEL,HPAY,PC,A,2018,18.9999283851775
ITA,WAGELEVEL,HPAY,PC,A,2019,20.4785428789948
ITA,WAGELEVEL,HPAY,PC,A,2020,21.0009125402914
JPN,WAGELEVEL,LPAY,PC,A,1975,18.8192247838909
JPN,WAGELEVEL,LPAY,PC,A,1976,15.9624754563304
JPN,WAGELEVEL,LPAY,PC,A,1977,16.9024058567566
JPN,WAGELEVEL,LPAY,PC,A,1978,17.0346741443463
JPN,WAGELEVEL,LPAY,PC,A,1979,17.9264946050996
JPN,WAGELEVEL,LPAY,PC,A,1980,18.302549865202
JPN,WAGELEVEL,LPAY,PC,A,1981,18.576962161813
JPN,WAGELEVEL,LPAY,PC,A,1982,18.7885229691645
JPN,WAGELEVEL,LPAY,PC,A,1983,18.5414930487043
JPN,WAGELEVEL,LPAY,PC,A,1984,18.6501775205197
JPN,WAGELEVEL,LPAY,PC,A,1985,18.8272583776495
JPN,WAGELEVEL,LPAY,PC,A,1986,18.6465754003174
JPN,WAGELEVEL,LPAY,PC,A,1987,18.4432103271592
JPN,WAGELEVEL,LPAY,PC,A,1988,18.2257139535951
JPN,WAGELEVEL,LPAY,PC,A,1989,18.031300324305
JPN,WAGELEVEL,LPAY,PC,A,1990,17.6231595670283
JPN,WAGELEVEL,LPAY,PC,A,1991,17.0774825281095
JPN,WAGELEVEL,LPAY,PC,A,1992,16.0731185124711
JPN,WAGELEVEL,LPAY,PC,A,1993,15.8838443220808
JPN,WAGELEVEL,LPAY,PC,A,1994,15.5398181000515
JPN,WAGELEVEL,LPAY,PC,A,1995,15.3561965983311
JPN,WAGELEVEL,LPAY,PC,A,1996,15.3240651933218
JPN,WAGELEVEL,LPAY,PC,A,1997,15.1552341401151
JPN,WAGELEVEL,LPAY,PC,A,1998,14.7390748439868
JPN,WAGELEVEL,LPAY,PC,A,1999,14.5809688060692
JPN,WAGELEVEL,LPAY,PC,A,2000,14.5672018123413
JPN,WAGELEVEL,LPAY,PC,A,2001,14.5607890780324
JPN,WAGELEVEL,LPAY,PC,A,2002,14.4346853436161
JPN,WAGELEVEL,LPAY,PC,A,2003,14.4352889766612
JPN,WAGELEVEL,LPAY,PC,A,2004,14.2989622941202
JPN,WAGELEVEL,LPAY,PC,A,2005,16.0979625437333
JPN,WAGELEVEL,LPAY,PC,A,2006,16.0676552380493
JPN,WAGELEVEL,LPAY,PC,A,2007,15.4230477885897
JPN,WAGELEVEL,LPAY,PC,A,2008,15.0202243462162
JPN,WAGELEVEL,LPAY,PC,A,2009,14.6503614991195
JPN,WAGELEVEL,LPAY,PC,A,2010,14.4807769062202
JPN,WAGELEVEL,LPAY,PC,A,2011,14.4031779286605
JPN,WAGELEVEL,LPAY,PC,A,2012,14.2938225649812
JPN,WAGELEVEL,LPAY,PC,A,2013,14.2275596448058
JPN,WAGELEVEL,LPAY,PC,A,2014,13.9081733880832
JPN,WAGELEVEL,LPAY,PC,A,2015,13.4636703959383
JPN,WAGELEVEL,LPAY,PC,A,2016,12.6548018146652
JPN,WAGELEVEL,LPAY,PC,A,2017,12.3226056884127
JPN,WAGELEVEL,LPAY,PC,A,2018,12.1153969378755
JPN,WAGELEVEL,LPAY,PC,A,2019,11.7871279540516
JPN,WAGELEVEL,LPAY,PC,A,2020,10.88446642216
JPN,WAGELEVEL,LPAY,PC,A,2021,10.6609969844957
JPN,WAGELEVEL,LPAY,PC,A,2022,10.2953338837384
KOR,WAGELEVEL,LPAY,PC,A,1985,24.8793693989415
KOR,WAGELEVEL,LPAY,PC,A,1992,22.3525584443615
KOR,WAGELEVEL,LPAY,PC,A,1993,23.1300387380784
KOR,WAGELEVEL,LPAY,PC,A,1994,22.5469285177907
KOR,WAGELEVEL,LPAY,PC,A,1995,22.2553734076469
KOR,WAGELEVEL,LPAY,PC,A,1996,22.6379697729594
KOR,WAGELEVEL,LPAY,PC,A,1997,22.8774224205735
KOR,WAGELEVEL,LPAY,PC,A,1998,23.1369988006526
KOR,WAGELEVEL,LPAY,PC,A,1999,23.40730740438
KOR,WAGELEVEL,LPAY,PC,A,2000,24.5837366993823
KOR,WAGELEVEL,LPAY,PC,A,2001,24.2372232423956
KOR,WAGELEVEL,LPAY,PC,A,2002,24.4750127375079
KOR,WAGELEVEL,LPAY,PC,A,2003,24.2668327390644
KOR,WAGELEVEL,LPAY,PC,A,2004,24.201840986593
KOR,WAGELEVEL,LPAY,PC,A,2005,25.3705285650176
KOR,WAGELEVEL,LPAY,PC,A,2006,24.9358321890514
KOR,WAGELEVEL,LPAY,PC,A,2007,26.0421317325134
KOR,WAGELEVEL,LPAY,PC,A,2008,25.4708365561137
KOR,WAGELEVEL,LPAY,PC,A,2009,24.9913555727741
KOR,WAGELEVEL,LPAY,PC,A,2010,24.7094797778286
KOR,WAGELEVEL,LPAY,PC,A,2011,23.798238210863
KOR,WAGELEVEL,LPAY,PC,A,2012,23.9096329078154
KOR,WAGELEVEL,LPAY,PC,A,2013,24.6560474314148
KOR,WAGELEVEL,LPAY,PC,A,2014,23.7
KOR,WAGELEVEL,LPAY,PC,A,2015,23.5
KOR,WAGELEVEL,LPAY,PC,A,2016,23.5
KOR,WAGELEVEL,LPAY,PC,A,2017,22.3
KOR,WAGELEVEL,LPAY,PC,A,2018,19.0435686183441
KOR,WAGELEVEL,LPAY,PC,A,2019,16.9620432415201
KOR,WAGELEVEL,LPAY,PC,A,2020,15.96146924446
KOR,WAGELEVEL,LPAY,PC,A,2021,15.6320225695921
KOR,WAGELEVEL,LPAY,PC,A,2022,16.9394822351957
LUX,WAGELEVEL,LPAY,PC,A,2002,11.7555555555555
LUX,WAGELEVEL,LPAY,PC,A,2006,14.4861111111111
LUX,WAGELEVEL,LPAY,PC,A,2010,14.679012345679
LUX,WAGELEVEL,LPAY,PC,A,2014,10.5714285714285
LUX,WAGELEVEL,LPAY,PC,A,2018,11.0833333333333
LUX,WAGELEVEL,HPAY,PC,A,2002,21.9980255095093
LUX,WAGELEVEL,HPAY,PC,A,2006,21.9998958929779
LUX,WAGELEVEL,HPAY,PC,A,2010,22.998773621718
LUX,WAGELEVEL,HPAY,PC,A,2014,24.9978116420642
LUX,WAGELEVEL,HPAY,PC,A,2018,23.9998659531248
NLD,WAGELEVEL,LPAY,PC,A,2002,9.54700854700854
NLD,WAGELEVEL,LPAY,PC,A,2006,9.30392156862744
NLD,WAGELEVEL,LPAY,PC,A,2010,7.84722222222222
NLD,WAGELEVEL,LPAY,PC,A,2014,6.88372093023255
NLD,WAGELEVEL,LPAY,PC,A,2018,6.36781609195402
NLD,WAGELEVEL,LPAY,PC,A,2019,6.48978277319179
NLD,WAGELEVEL,LPAY,PC,A,2020,5.90154858565998
NLD,WAGELEVEL,LPAY,PC,A,2021,5.98773566554011
NLD,WAGELEVEL,LPAY,PC,A,2022,7.08998715101606
NLD,WAGELEVEL,HPAY,PC,A,2002,21.9995270583026
NLD,WAGELEVEL,HPAY,PC,A,2006,22.9999621730548
NLD,WAGELEVEL,HPAY,PC,A,2010,24.9996839665706
NLD,WAGELEVEL,HPAY,PC,A,2014,27.9999045735966
NLD,WAGELEVEL,HPAY,PC,A,2018,28.9994986606007
NLD,WAGELEVEL,HPAY,PC,A,2019,28.1387962896452
NLD,WAGELEVEL,HPAY,PC,A,2020,28.3322332607527
NLD,WAGELEVEL,HPAY,PC,A,2021,28.8287860481491
NLD,WAGELEVEL,HPAY,PC,A,2022,28.1840590682913
NZL,WAGELEVEL,LPAY,PC,A,1997,13.2702444096613
NZL,WAGELEVEL,LPAY,PC,A,1998,13.1205562127805
NZL,WAGELEVEL,LPAY,PC,A,1999,12.2840470115988
NZL,WAGELEVEL,LPAY,PC,A,2000,11.7385590214536
NZL,WAGELEVEL,LPAY,PC,A,2001,12.2291286288944
NZL,WAGELEVEL,LPAY,PC,A,2002,13.6298254816871
NZL,WAGELEVEL,LPAY,PC,A,2003,13.2223600967587
NZL,WAGELEVEL,LPAY,PC,A,2004,13.1620069893098
NZL,WAGELEVEL,LPAY,PC,A,2005,12.4392987187495
NZL,WAGELEVEL,LPAY,PC,A,2006,14.6122360539735
NZL,WAGELEVEL,LPAY,PC,A,2007,13.4409200805122
NZL,WAGELEVEL,LPAY,PC,A,2008,12.5341807689995
NZL,WAGELEVEL,LPAY,PC,A,2009,12.8732435888459
NZL,WAGELEVEL,LPAY,PC,A,2010,12.7218537345488
NZL,WAGELEVEL,LPAY,PC,A,2011,13.6934746186501
NZL,WAGELEVEL,LPAY,PC,A,2012,13.5553003380428
NZL,WAGELEVEL,LPAY,PC,A,2013,14.0803059059014
NZL,WAGELEVEL,LPAY,PC,A,2014,13.8646701704426
NZL,WAGELEVEL,LPAY,PC,A,2015,13.8906294545685
NZL,WAGELEVEL,LPAY,PC,A,2016,11.1882100369871
NZL,WAGELEVEL,LPAY,PC,A,2017,12.0915964829274
NZL,WAGELEVEL,LPAY,PC,A,2018,8.50455856757083
NZL,WAGELEVEL,LPAY,PC,A,2019,7.01
NZL,WAGELEVEL,LPAY,PC,A,2020,8.26
NZL,WAGELEVEL,LPAY,PC,A,2021,1.6
NZL,WAGELEVEL,LPAY,PC,A,2022,2.68
POL,WAGELEVEL,LPAY,PC,A,1985,12.9150900840566
POL,WAGELEVEL,LPAY,PC,A,1988,13.3864437367594
POL,WAGELEVEL,LPAY,PC,A,1989,11.5010291259482
POL,WAGELEVEL,LPAY,PC,A,1990,15.17758761703
POL,WAGELEVEL,LPAY,PC,A,1991,13.5749851978405
POL,WAGELEVEL,LPAY,PC,A,1992,13.4807144672999
POL,WAGELEVEL,LPAY,PC,A,1993,14.9890461559489
POL,WAGELEVEL,LPAY,PC,A,1994,16.6082568319704
POL,WAGELEVEL,LPAY,PC,A,1995,16.3780508427454
POL,WAGELEVEL,LPAY,PC,A,1996,17.3458144194629
POL,WAGELEVEL,LPAY,PC,A,1997,17.534355880544
POL,WAGELEVEL,LPAY,PC,A,1998,17.7228973416251
POL,WAGELEVEL,LPAY,PC,A,1999,17.534355880544
POL,WAGELEVEL,LPAY,PC,A,2001,19.3696857550439
POL,WAGELEVEL,LPAY,PC,A,2002,20.80018113449
POL,WAGELEVEL,LPAY,PC,A,2004,22.2
POL,WAGELEVEL,LPAY,PC,A,2006,23.4513459579397
POL,WAGELEVEL,LPAY,PC,A,2008,22.9647146679943
POL,WAGELEVEL,LPAY,PC,A,2010,22.6906750478957
POL,WAGELEVEL,LPAY,PC,A,2012,22.4039105729386
POL,WAGELEVEL,LPAY,PC,A,2014,22.6
POL,WAGELEVEL,LPAY,PC,A,2016,21.6711741344444
POL,WAGELEVEL,LPAY,PC,A,2018,21.1092911740968
POL,WAGELEVEL,LPAY,PC,A,2020,18.8
PRT,WAGELEVEL,LPAY,PC,A,2002,17.3333333333333
PRT,WAGELEVEL,LPAY,PC,A,2006,20.7142857142857
PRT,WAGELEVEL,LPAY,PC,A,2010,15.8888888888888
PRT,WAGELEVEL,LPAY,PC,A,2014,11.5714285714285
PRT,WAGELEVEL,LPAY,PC,A,2018,4.16
PRT,WAGELEVEL,LPAY,PC,A,2019,2.69694547181434
PRT,WAGELEVEL,LPAY,PC,A,2020,5.34319818271103
PRT,WAGELEVEL,HPAY,PC,A,2002,25.999958305537
PRT,WAGELEVEL,HPAY,PC,A,2006,28.9997943074589
PRT,WAGELEVEL,HPAY,PC,A,2010,31.999908362687
PRT,WAGELEVEL,HPAY,PC,A,2014,30.9996140257118
PRT,WAGELEVEL,HPAY,PC,A,2018,27.9999723069796
PRT,WAGELEVEL,HPAY,PC,A,2019,26.9914452856352
PRT,WAGELEVEL,HPAY,PC,A,2020,28.761672495581
SVK,WAGELEVEL,LPAY,PC,A,2002,17.0051015304591
SVK,WAGELEVEL,LPAY,PC,A,2003,18.0
SVK,WAGELEVEL,LPAY,PC,A,2004,18.001800180018
SVK,WAGELEVEL,LPAY,PC,A,2005,18.0
SVK,WAGELEVEL,LPAY,PC,A,2006,17.996400719856
SVK,WAGELEVEL,LPAY,PC,A,2007,18.0
SVK,WAGELEVEL,LPAY,PC,A,2008,19.001900190019
SVK,WAGELEVEL,LPAY,PC,A,2009,19.99600079984
SVK,WAGELEVEL,LPAY,PC,A,2010,20.00200020002
SVK,WAGELEVEL,LPAY,PC,A,2011,20.0000000000006
SVK,WAGELEVEL,LPAY,PC,A,2012,18.998100189981
SVK,WAGELEVEL,LPAY,PC,A,2013,20.0
SVK,WAGELEVEL,LPAY,PC,A,2014,20.0
SVK,WAGELEVEL,LPAY,PC,A,2015,19.0
SVK,WAGELEVEL,LPAY,PC,A,2016,19.0
SVK,WAGELEVEL,LPAY,PC,A,2017,17.9997613199114
SVK,WAGELEVEL,LPAY,PC,A,2018,18.0
SVK,WAGELEVEL,LPAY,PC,A,2019,16.0
SVK,WAGELEVEL,LPAY,PC,A,2020,16.0
SVK,WAGELEVEL,LPAY,PC,A,2021,14.0
SVK,WAGELEVEL,LPAY,PC,A,2022,15.0
ESP,WAGELEVEL,LPAY,PC,A,2002,13.3333333333333
ESP,WAGELEVEL,LPAY,PC,A,2006,10.1111111111111
ESP,WAGELEVEL,LPAY,PC,A,2010,10.6111111111111
ESP,WAGELEVEL,LPAY,PC,A,2014,9.96666666666666
ESP,WAGELEVEL,LPAY,PC,A,2018,10.8253968253968
ESP,WAGELEVEL,LPAY,PC,A,2019,10.1527919111628
ESP,WAGELEVEL,LPAY,PC,A,2020,8.94247328302915
ESP,WAGELEVEL,LPAY,PC,A,2021,11.3788979993192
ESP,WAGELEVEL,LPAY,PC,A,2022,10.1461586767205
ESP,WAGELEVEL,HPAY,PC,A,2002,25.9996782535847
ESP,WAGELEVEL,HPAY,PC,A,2006,24.9991892622286
ESP,WAGELEVEL,HPAY,PC,A,2010,24.9998798437969
ESP,WAGELEVEL,HPAY,PC,A,2014,25.9998758982244
ESP,WAGELEVEL,HPAY,PC,A,2018,25.9998738677528
ESP,WAGELEVEL,HPAY,PC,A,2019,27.1307955237436
ESP,WAGELEVEL,HPAY,PC,A,2020,24.9375476337716
ESP,WAGELEVEL,HPAY,PC,A,2021,26.4829950635784
ESP,WAGELEVEL,HPAY,PC,A,2022,26.0882124957889
CHE,WAGELEVEL,LPAY,PC,A,2008,12.95
CHE,WAGELEVEL,LPAY,PC,A,2010,13.06
CHE,WAGELEVEL,LPAY,PC,A,2012,12.08
CHE,WAGELEVEL,LPAY,PC,A,2014,11.89
CHE,WAGELEVEL,LPAY,PC,A,2016,12.03
CHE,WAGELEVEL,LPAY,PC,A,2018,12.12
CHE,WAGELEVEL,LPAY,PC,A,2020,12.0
GBR,WAGELEVEL,LPAY,PC,A,1970,24.0763499668271
GBR,WAGELEVEL,LPAY,PC,A,1971,22.8961129976192
GBR,WAGELEVEL,LPAY,PC,A,1972,22.9616573569983
GBR,WAGELEVEL,LPAY,PC,A,1973,23.7362492131568
GBR,WAGELEVEL,LPAY,PC,A,1974,22.0300006413497
GBR,WAGELEVEL,LPAY,PC,A,1975,19.6239950523806
GBR,WAGELEVEL,LPAY,PC,A,1976,18.6017676893567
GBR,WAGELEVEL,LPAY,PC,A,1977,17.4020778845562
GBR,WAGELEVEL,LPAY,PC,A,1978,18.4254735946544
GBR,WAGELEVEL,LPAY,PC,A,1979,19.0661470077353
GBR,WAGELEVEL,LPAY,PC,A,1980,18.8304248883302
GBR,WAGELEVEL,LPAY,PC,A,1981,18.8142887612817
GBR,WAGELEVEL,LPAY,PC,A,1982,19.0119840097444
GBR,WAGELEVEL,LPAY,PC,A,1983,18.9795727526764
GBR,WAGELEVEL,LPAY,PC,A,1984,19.8128199679146
GBR,WAGELEVEL,LPAY,PC,A,1985,20.1031676004193
GBR,WAGELEVEL,LPAY,PC,A,1986,20.4386708986266
GBR,WAGELEVEL,LPAY,PC,A,1987,20.8911658048845
GBR,WAGELEVEL,LPAY,PC,A,1988,21.224194096862
GBR,WAGELEVEL,LPAY,PC,A,1989,21.3555058284506
GBR,WAGELEVEL,LPAY,PC,A,1990,21.183207588762
GBR,WAGELEVEL,LPAY,PC,A,1991,20.690553427742
GBR,WAGELEVEL,LPAY,PC,A,1992,20.9099452681082
GBR,WAGELEVEL,LPAY,PC,A,1993,20.817020796415
GBR,WAGELEVEL,LPAY,PC,A,1994,20.7282405605569
GBR,WAGELEVEL,LPAY,PC,A,1995,21.3039736906367
GBR,WAGELEVEL,LPAY,PC,A,1996,21.1045993327832
GBR,WAGELEVEL,LPAY,PC,A,1997,20.9838973065267
GBR,WAGELEVEL,LPAY,PC,A,1998,21.2822098631915
GBR,WAGELEVEL,LPAY,PC,A,1999,20.5775066109814
GBR,WAGELEVEL,LPAY,PC,A,2000,20.8471912021485
GBR,WAGELEVEL,LPAY,PC,A,2001,21.1187196102232
GBR,WAGELEVEL,LPAY,PC,A,2002,20.9352310784224
GBR,WAGELEVEL,LPAY,PC,A,2003,20.8157068793424
GBR,WAGELEVEL,LPAY,PC,A,2004,20.9662878624502
GBR,WAGELEVEL,LPAY,PC,A,2005,20.9756890539752
GBR,WAGELEVEL,LPAY,PC,A,2006,20.7472920258531
GBR,WAGELEVEL,LPAY,PC,A,2007,20.5469893494648
GBR,WAGELEVEL,LPAY,PC,A,2008,21.1977191409735
GBR,WAGELEVEL,LPAY,PC,A,2009,20.6149211341147
GBR,WAGELEVEL,LPAY,PC,A,2010,20.6698710225139
GBR,WAGELEVEL,LPAY,PC,A,2011,20.560211227184
GBR,WAGELEVEL,LPAY,PC,A,2012,20.4503464203233
GBR,WAGELEVEL,LPAY,PC,A,2013,20.5163275773637
GBR,WAGELEVEL,LPAY,PC,A,2014,20.403825717322
GBR,WAGELEVEL,LPAY,PC,A,2015,19.9806846228136
GBR,WAGELEVEL,LPAY,PC,A,2016,19.2784060312332
GBR,WAGELEVEL,LPAY,PC,A,2017,18.9763654629091
GBR,WAGELEVEL,LPAY,PC,A,2018,18.961052687206
GBR,WAGELEVEL,LPAY,PC,A,2019,18.06
GBR,WAGELEVEL,LPAY,PC,A,2020,18.02
GBR,WAGELEVEL,LPAY,PC,A,2021,16.66
USA,WAGELEVEL,LPAY,PC,A,1973,21.6567930489731
USA,WAGELEVEL,LPAY,PC,A,1974,21.022512766507
USA,WAGELEVEL,LPAY,PC,A,1975,22.6274913817015
USA,WAGELEVEL,LPAY,PC,A,1976,22.8161187534002
USA,WAGELEVEL,LPAY,PC,A,1977,23.0144906051959
USA,WAGELEVEL,LPAY,PC,A,1978,23.2059507205951
USA,WAGELEVEL,LPAY,PC,A,1979,21.914872619098
USA,WAGELEVEL,LPAY,PC,A,1980,21.9796132769244
USA,WAGELEVEL,LPAY,PC,A,1981,22.0755393698615
USA,WAGELEVEL,LPAY,PC,A,1982,22.5036856430029
USA,WAGELEVEL,LPAY,PC,A,1983,20.404367735118
USA,WAGELEVEL,LPAY,PC,A,1984,21.5562467461388
USA,WAGELEVEL,LPAY,PC,A,1985,23.7338320087268
USA,WAGELEVEL,LPAY,PC,A,1986,23.3934990536919
USA,WAGELEVEL,LPAY,PC,A,1987,23.6039981196962
USA,WAGELEVEL,LPAY,PC,A,1988,24.1199163149557
USA,WAGELEVEL,LPAY,PC,A,1989,23.5314292472355
USA,WAGELEVEL,LPAY,PC,A,1990,22.9631893187908
USA,WAGELEVEL,LPAY,PC,A,1991,22.5563909774436
USA,WAGELEVEL,LPAY,PC,A,1992,23.1502388705345
USA,WAGELEVEL,LPAY,PC,A,1993,23.9212326757654
USA,WAGELEVEL,LPAY,PC,A,1994,25.0597969763902
USA,WAGELEVEL,LPAY,PC,A,1995,25.1660450477695
USA,WAGELEVEL,LPAY,PC,A,1996,25.1182384126356
USA,WAGELEVEL,LPAY,PC,A,1997,24.8733676718887
USA,WAGELEVEL,LPAY,PC,A,1998,24.5282229381983
USA,WAGELEVEL,LPAY,PC,A,1999,24.4525024071456
USA,WAGELEVEL,LPAY,PC,A,2000,24.7018604697118
USA,WAGELEVEL,LPAY,PC,A,2001,23.7717735550277
USA,WAGELEVEL,LPAY,PC,A,2002,23.4952038369305
USA,WAGELEVEL,LPAY,PC,A,2003,23.2684964557391
USA,WAGELEVEL,LPAY,PC,A,2004,23.8515796336909
USA,WAGELEVEL,LPAY,PC,A,2005,23.9643884822618
USA,WAGELEVEL,LPAY,PC,A,2006,24.2220044106837
USA,WAGELEVEL,LPAY,PC,A,2007,24.5351220421092
USA,WAGELEVEL,LPAY,PC,A,2008,24.5135821917166
USA,WAGELEVEL,LPAY,PC,A,2009,24.8424806418976
USA,WAGELEVEL,LPAY,PC,A,2010,25.2911211807614
USA,WAGELEVEL,LPAY,PC,A,2011,25.1478229707938
USA,WAGELEVEL,LPAY,PC,A,2012,25.2910032312064
USA,WAGELEVEL,LPAY,PC,A,2013,25.0462772028428
USA,WAGELEVEL,LPAY,PC,A,2014,24.9274818117813
USA,WAGELEVEL,LPAY,PC,A,2015,25.0208560610922
USA,WAGELEVEL,LPAY,PC,A,2016,24.9077324691691
USA,WAGELEVEL,LPAY,PC,A,2017,24.503182632801
USA,WAGELEVEL,LPAY,PC,A,2018,24.065
USA,WAGELEVEL,LPAY,PC,A,2019,23.3798816165465
USA,WAGELEVEL,LPAY,PC,A,2020,23.81
USA,WAGELEVEL,LPAY,PC,A,2021,22.69
USA,WAGELEVEL,LPAY,PC,A,2022,22.66
CHL,WAGELEVEL,LPAY,PC,A,1998,25.4687965048121
CHL,WAGELEVEL,LPAY,PC,A,2000,18.5323141991954
CHL,WAGELEVEL,LPAY,PC,A,2003,14.3915803624641
CHL,WAGELEVEL,LPAY,PC,A,2006,13.0152568473774
CHL,WAGELEVEL,LPAY,PC,A,2009,9.6937591498398
CHL,WAGELEVEL,LPAY,PC,A,2011,9.37798756260784
CHL,WAGELEVEL,LPAY,PC,A,2013,11.4814607503536
CHL,WAGELEVEL,LPAY,PC,A,2015,12.0963548413267
CHL,WAGELEVEL,LPAY,PC,A,2017,10.5680614627341
CHL,WAGELEVEL,LPAY,PC,A,2020,11.8127939266789
CHL,WAGELEVEL,LPAY,PC,A,2021,8.72694836808872
CHL,WAGELEVEL,HPAY,PC,A,1998,30.5652269231835
CHL,WAGELEVEL,HPAY,PC,A,2000,29.7594805249616
CHL,WAGELEVEL,HPAY,PC,A,2003,30.8030491900184
CHL,WAGELEVEL,HPAY,PC,A,2006,27.5254731787477
CHL,WAGELEVEL,HPAY,PC,A,2009,28.692188677591
CHL,WAGELEVEL,HPAY,PC,A,2011,27.5656892066204
CHL,WAGELEVEL,HPAY,PC,A,2013,26.1728607688681
CHL,WAGELEVEL,HPAY,PC,A,2015,24.9102391468998
CHL,WAGELEVEL,HPAY,PC,A,2017,27.8132400336548
CHL,WAGELEVEL,HPAY,PC,A,2020,32.5276936419813
CHL,WAGELEVEL,HPAY,PC,A,2021,33.2943126105951
EST,WAGELEVEL,LPAY,PC,A,2002,24.297052154195
EST,WAGELEVEL,LPAY,PC,A,2006,20.7916666666666
EST,WAGELEVEL,LPAY,PC,A,2010,21.4444444444444
EST,WAGELEVEL,LPAY,PC,A,2014,20.4285714285714
EST,WAGELEVEL,LPAY,PC,A,2018,19.7083333333333
EST,WAGELEVEL,LPAY,PC,A,2019,20.2950256627837
EST,WAGELEVEL,LPAY,PC,A,2020,19.5777723202502
EST,WAGELEVEL,LPAY,PC,A,2021,19.8142752046871
EST,WAGELEVEL,LPAY,PC,A,2022,19.3844544373202
EST,WAGELEVEL,HPAY,PC,A,2002,25.9996112592691
EST,WAGELEVEL,HPAY,PC,A,2006,24.9998860204023
EST,WAGELEVEL,HPAY,PC,A,2010,24.9994049783478
EST,WAGELEVEL,HPAY,PC,A,2014,22.9997619954303
EST,WAGELEVEL,HPAY,PC,A,2018,20.9988873632877
EST,WAGELEVEL,HPAY,PC,A,2019,20.1449790569554
EST,WAGELEVEL,HPAY,PC,A,2020,19.3720606945628
EST,WAGELEVEL,HPAY,PC,A,2021,19.2894347378959
EST,WAGELEVEL,HPAY,PC,A,2022,20.8547869817691
ISR,WAGELEVEL,LPAY,PC,A,2001,25.3091393347377
ISR,WAGELEVEL,LPAY,PC,A,2002,23.8951810096726
ISR,WAGELEVEL,LPAY,PC,A,2003,23.2518845415458
ISR,WAGELEVEL,LPAY,PC,A,2004,23.1963942374511
ISR,WAGELEVEL,LPAY,PC,A,2005,22.9816973824408
ISR,WAGELEVEL,LPAY,PC,A,2006,22.4990480524466
ISR,WAGELEVEL,LPAY,PC,A,2007,22.2699906821873
ISR,WAGELEVEL,LPAY,PC,A,2008,21.3607022274044
ISR,WAGELEVEL,LPAY,PC,A,2009,22.1522902551404
ISR,WAGELEVEL,LPAY,PC,A,2010,21.4333684213483
ISR,WAGELEVEL,LPAY,PC,A,2011,22.4543809087486
ISR,WAGELEVEL,LPAY,PC,A,2012,21.829596847118
ISR,WAGELEVEL,LPAY,PC,A,2013,22.2145522465155
ISR,WAGELEVEL,LPAY,PC,A,2014,23.4650125573918
ISR,WAGELEVEL,LPAY,PC,A,2015,23.7928164870966
ISR,WAGELEVEL,LPAY,PC,A,2016,23.1372446766082
ISR,WAGELEVEL,LPAY,PC,A,2017,22.6269826055933
ISR,WAGELEVEL,LPAY,PC,A,2018,22.4082574248894
ISR,WAGELEVEL,LPAY,PC,A,2019,21.2581819380243
ISR,WAGELEVEL,LPAY,PC,A,2020,25.1381588849397
ISR,WAGELEVEL,LPAY,PC,A,2021,23.3884786967475
ISR,WAGELEVEL,HPAY,PC,A,2001,28.8304806319943
ISR,WAGELEVEL,HPAY,PC,A,2002,28.4404270345023
ISR,WAGELEVEL,HPAY,PC,A,2003,28.2422778265056
ISR,WAGELEVEL,HPAY,PC,A,2004,27.9267101911525
ISR,WAGELEVEL,HPAY,PC,A,2005,27.9294444184166
ISR,WAGELEVEL,HPAY,PC,A,2006,28.4971218077208
ISR,WAGELEVEL,HPAY,PC,A,2007,28.6886276671063
ISR,WAGELEVEL,HPAY,PC,A,2008,28.1377631624332
ISR,WAGELEVEL,HPAY,PC,A,2009,28.1650193339671
ISR,WAGELEVEL,HPAY,PC,A,2010,28.5174898305418
ISR,WAGELEVEL,HPAY,PC,A,2011,27.4849707395893
ISR,WAGELEVEL,HPAY,PC,A,2012,29.0747310082163
ISR,WAGELEVEL,HPAY,PC,A,2013,28.6729174328608
ISR,WAGELEVEL,HPAY,PC,A,2014,28.6810076370442
ISR,WAGELEVEL,HPAY,PC,A,2015,29.1934272571436
ISR,WAGELEVEL,HPAY,PC,A,2016,29.1772991440758
ISR,WAGELEVEL,HPAY,PC,A,2017,28.5636805449234
ISR,WAGELEVEL,HPAY,PC,A,2018,27.8142442939095
ISR,WAGELEVEL,HPAY,PC,A,2019,28.2604032464915
ISR,WAGELEVEL,HPAY,PC,A,2020,27.31339412879
ISR,WAGELEVEL,HPAY,PC,A,2021,27.4328896676549
MEX,WAGELEVEL,HPAY,PC,A,2005,20.0663319126229
MEX,WAGELEVEL,HPAY,PC,A,2006,23.0630370588403
MEX,WAGELEVEL,HPAY,PC,A,2007,18.9875788374064
MEX,WAGELEVEL,HPAY,PC,A,2008,21.1246733403898
MEX,WAGELEVEL,HPAY,PC,A,2009,22.0582499438485
MEX,WAGELEVEL,HPAY,PC,A,2010,21.6840210905773
MEX,WAGELEVEL,HPAY,PC,A,2011,19.260255097024
MEX,WAGELEVEL,HPAY,PC,A,2012,20.6880608442409
MEX,WAGELEVEL,HPAY,PC,A,2013,22.0561131398588
MEX,WAGELEVEL,HPAY,PC,A,2014,22.010602673487
MEX,WAGELEVEL,HPAY,PC,A,2015,20.8321250856312
MEX,WAGELEVEL,HPAY,PC,A,2016,19.4557317680396
MEX,WAGELEVEL,HPAY,PC,A,2017,21.0684626597538
MEX,WAGELEVEL,HPAY,PC,A,2018,20.6513688469388
MEX,WAGELEVEL,HPAY,PC,A,2019,17.6158282378656
MEX,WAGELEVEL,HPAY,PC,A,2020,19.5976454217054
MEX,WAGELEVEL,HPAY,PC,A,2021,22.1208737030856
MEX,WAGELEVEL,HPAY,PC,A,2022,18.6225418472461
LVA,WAGELEVEL,HPAY,PC,A,2002,34.999981408212
LVA,WAGELEVEL,HPAY,PC,A,2006,28.999959853868
LVA,WAGELEVEL,HPAY,PC,A,2010,32.0
LVA,WAGELEVEL,HPAY,PC,A,2014,28.9998340157131
LVA,WAGELEVEL,HPAY,PC,A,2018,24.9995262659227
LVA,WAGELEVEL,HPAY,PC,A,2019,25.9133828172475
LVA,WAGELEVEL,HPAY,PC,A,2020,26.2362320052579
LVA,WAGELEVEL,HPAY,PC,A,2021,26.7778640084652
LVA,WAGELEVEL,HPAY,PC,A,2022,25.3683903931747
LTU,WAGELEVEL,HPAY,PC,A,2002,28.9996322294826
LTU,WAGELEVEL,HPAY,PC,A,2006,28.9994094488188
LTU,WAGELEVEL,HPAY,PC,A,2010,28.9991945786813
LTU,WAGELEVEL,HPAY,PC,A,2014,25.0
LTU,WAGELEVEL,HPAY,PC,A,2018,22.9990396927016
LTU,WAGELEVEL,HPAY,PC,A,2019,22.846567202074
LTU,WAGELEVEL,HPAY,PC,A,2020,22.0276955107722
LTU,WAGELEVEL,HPAY,PC,A,2021,23.8462768123633
LTU,WAGELEVEL,HPAY,PC,A,2022,23.1574337476053
MEX,WAGELEVEL,LPAY,PC,A,2005,17.9151520902873
MEX,WAGELEVEL,LPAY,PC,A,2006,16.3085483151188
MEX,WAGELEVEL,LPAY,PC,A,2007,19.0823277877801
MEX,WAGELEVEL,LPAY,PC,A,2008,18.1112944989625
MEX,WAGELEVEL,LPAY,PC,A,2009,16.9095232308142
MEX,WAGELEVEL,LPAY,PC,A,2010,19.1228583624143
MEX,WAGELEVEL,LPAY,PC,A,2011,17.6679961788193
MEX,WAGELEVEL,LPAY,PC,A,2012,15.9937431959639
MEX,WAGELEVEL,LPAY,PC,A,2013,14.2091327012579
MEX,WAGELEVEL,LPAY,PC,A,2014,14.7541661324455
MEX,WAGELEVEL,LPAY,PC,A,2015,17.2528672803656
MEX,WAGELEVEL,LPAY,PC,A,2016,16.0909448448155
MEX,WAGELEVEL,LPAY,PC,A,2017,13.322849165503
MEX,WAGELEVEL,LPAY,PC,A,2018,15.6608104442524
MEX,WAGELEVEL,LPAY,PC,A,2019,17.0770212212024
MEX,WAGELEVEL,LPAY,PC,A,2020,16.8500070612345
MEX,WAGELEVEL,LPAY,PC,A,2021,13.1689229903989
MEX,WAGELEVEL,LPAY,PC,A,2022,15.6764508789501
LVA,WAGELEVEL,LPAY,PC,A,2002,29.1664247701983
LVA,WAGELEVEL,LPAY,PC,A,2006,30.047619047619
LVA,WAGELEVEL,LPAY,PC,A,2010,22.0
LVA,WAGELEVEL,LPAY,PC,A,2014,21.6666666666666
LVA,WAGELEVEL,LPAY,PC,A,2018,21.9333333333333
LVA,WAGELEVEL,LPAY,PC,A,2019,22.2125517941585
LVA,WAGELEVEL,LPAY,PC,A,2020,21.7366908524853
LVA,WAGELEVEL,LPAY,PC,A,2021,22.8675043722832
LVA,WAGELEVEL,LPAY,PC,A,2022,21.309924568403
LTU,WAGELEVEL,LPAY,PC,A,2002,25.6666666666666
LTU,WAGELEVEL,LPAY,PC,A,2006,25.9047619047619
LTU,WAGELEVEL,LPAY,PC,A,2010,23.9333333333333
LTU,WAGELEVEL,LPAY,PC,A,2014,19.9583333333333
LTU,WAGELEVEL,LPAY,PC,A,2018,21.6333333333333
LTU,WAGELEVEL,LPAY,PC,A,2019,20.6722345445027
LTU,WAGELEVEL,LPAY,PC,A,2020,21.6937713309538
LTU,WAGELEVEL,LPAY,PC,A,2021,21.6804290018053
LTU,WAGELEVEL,LPAY,PC,A,2022,21.5763534272899
DNK,WAGELEVEL,HPAY,PC,A,2002,2.0916445103726
DNK,WAGELEVEL,HPAY,PC,A,2003,2.03382059666498
DNK,WAGELEVEL,HPAY,PC,A,2004,2.08722646134448
DNK,WAGELEVEL,HPAY,PC,A,2005,2.55248799250719
DNK,WAGELEVEL,HPAY,PC,A,2006,2.51768028024696
DNK,WAGELEVEL,HPAY,PC,A,2007,2.51716954950131
DNK,WAGELEVEL,HPAY,PC,A,2008,2.52737418873399
DNK,WAGELEVEL,HPAY,PC,A,2009,2.39190626905802
DNK,WAGELEVEL,HPAY,PC,A,2010,2.69364937099821
DNK,WAGELEVEL,HPAY,PC,A,2011,2.8066484985545
DNK,WAGELEVEL,HPAY,PC,A,2012,2.85454951903688
DNK,WAGELEVEL,HPAY,PC,A,2013,2.95881308730844
DNK,WAGELEVEL,HPAY,PC,A,2014,2.78426069195321
DNK,WAGELEVEL,HPAY,PC,A,2015,2.89003873859181
DNK,WAGELEVEL,HPAY,PC,A,2016,2.91643226850058
DNK,WAGELEVEL,HPAY,PC,A,2017,2.77045063700346
DNK,WAGELEVEL,HPAY,PC,A,2018,2.82891178544695
DNK,WAGELEVEL,HPAY,PC,A,2021,2.64
COL,WAGELEVEL,LPAY,PC,A,2007,18.577011815605
COL,WAGELEVEL,LPAY,PC,A,2008,16.2783607756016
COL,WAGELEVEL,LPAY,PC,A,2009,15.5223936696333
COL,WAGELEVEL,LPAY,PC,A,2010,14.6961879462208
COL,WAGELEVEL,LPAY,PC,A,2011,15.943716415863
COL,WAGELEVEL,LPAY,PC,A,2012,14.988499466862
COL,WAGELEVEL,LPAY,PC,A,2013,14.0305785829648
COL,WAGELEVEL,LPAY,PC,A,2014,12.627571780821
COL,WAGELEVEL,LPAY,PC,A,2015,12.742315188188
COL,WAGELEVEL,LPAY,PC,A,2016,11.0681307109962
COL,WAGELEVEL,LPAY,PC,A,2017,10.3074811426026
COL,WAGELEVEL,LPAY,PC,A,2018,9.71691400010243
COL,WAGELEVEL,LPAY,PC,A,2019,11.6770275489911
COL,WAGELEVEL,LPAY,PC,A,2020,12.7986009398489
COL,WAGELEVEL,LPAY,PC,A,2021,11.4243491195806
COL,WAGELEVEL,LPAY,PC,A,2022,12.175174190459
COL,WAGELEVEL,HPAY,PC,A,2007,28.7989212244396
COL,WAGELEVEL,HPAY,PC,A,2008,28.1964609927652
COL,WAGELEVEL,HPAY,PC,A,2009,27.3610103794033
COL,WAGELEVEL,HPAY,PC,A,2010,28.1113819858008
COL,WAGELEVEL,HPAY,PC,A,2011,27.4245298854115
COL,WAGELEVEL,HPAY,PC,A,2012,26.6356790278666
COL,WAGELEVEL,HPAY,PC,A,2013,27.2626656206294
COL,WAGELEVEL,HPAY,PC,A,2014,26.569568004714
COL,WAGELEVEL,HPAY,PC,A,2015,26.2144476775777
COL,WAGELEVEL,HPAY,PC,A,2016,25.9815636552018
COL,WAGELEVEL,HPAY,PC,A,2017,25.1622828939878
COL,WAGELEVEL,HPAY,PC,A,2018,24.8986146999929
COL,WAGELEVEL,HPAY,PC,A,2019,25.0226447265986
COL,WAGELEVEL,HPAY,PC,A,2020,25.3030899694619
COL,WAGELEVEL,HPAY,PC,A,2021,25.1064481184838
COL,WAGELEVEL,HPAY,PC,A,2022,26.9877599652602
CRI,WAGELEVEL,LPAY,PC,A,2010,17.9583753154952
CRI,WAGELEVEL,LPAY,PC,A,2011,15.5129325209459
CRI,WAGELEVEL,LPAY,PC,A,2012,15.6423859058257
CRI,WAGELEVEL,LPAY,PC,A,2013,14.7231950277384
CRI,WAGELEVEL,LPAY,PC,A,2014,15.0594348568582
CRI,WAGELEVEL,LPAY,PC,A,2015,14.8656085170142
CRI,WAGELEVEL,LPAY,PC,A,2016,14.0441339697513
CRI,WAGELEVEL,LPAY,PC,A,2017,12.7954015872959
CRI,WAGELEVEL,LPAY,PC,A,2018,11.7360061615371
CRI,WAGELEVEL,LPAY,PC,A,2019,11.5935366864103
CRI,WAGELEVEL,LPAY,PC,A,2020,14.3893504053525
CRI,WAGELEVEL,LPAY,PC,A,2021,11.6303312479102
CRI,WAGELEVEL,LPAY,PC,A,2022,10.1224745661406
CRI,WAGELEVEL,HPAY,PC,A,2010,18.7948500887357
CRI,WAGELEVEL,HPAY,PC,A,2011,20.3580474833277
CRI,WAGELEVEL,HPAY,PC,A,2012,19.0632127555262
CRI,WAGELEVEL,HPAY,PC,A,2013,17.3344734879689
CRI,WAGELEVEL,HPAY,PC,A,2014,19.3448085700541
CRI,WAGELEVEL,HPAY,PC,A,2015,18.1636035685921
CRI,WAGELEVEL,HPAY,PC,A,2016,19.077858774233
CRI,WAGELEVEL,HPAY,PC,A,2017,17.0861841097199
CRI,WAGELEVEL,HPAY,PC,A,2018,16.7450920604095
CRI,WAGELEVEL,HPAY,PC,A,2019,18.5117140504475
CRI,WAGELEVEL,HPAY,PC,A,2020,18.2618285475336
CRI,WAGELEVEL,HPAY,PC,A,2021,20.1973947609243
CRI,WAGELEVEL,HPAY,PC,A,2022,17.8501606602706
FRA,WAGELEVEL,LPAY,PC,A,2002,7.21568627450979
FRA,WAGELEVEL,LPAY,PC,A,2006,6.46913580246913
FRA,WAGELEVEL,LPAY,PC,A,2010,5.79166666666666
FRA,WAGELEVEL,LPAY,PC,A,2014,7.19047619047618
FRA,WAGELEVEL,LPAY,PC,A,2018,7.73563218390804
FRA,WAGELEVEL,LPAY,PC,A,2019,6.30511786175288
FRA,WAGELEVEL,LPAY,PC,A,2020,5.27460188839373
FRA,WAGELEVEL,LPAY,PC,A,2021,9.68787069174014
FRA,WAGELEVEL,HPAY,PC,A,2002,20.9999420054514
FRA,WAGELEVEL,HPAY,PC,A,2006,19.9999824952956
FRA,WAGELEVEL,HPAY,PC,A,2010,21.9999380734965
FRA,WAGELEVEL,HPAY,PC,A,2014,20.9998946748772
FRA,WAGELEVEL,HPAY,PC,A,2018,20.9999743389844
FRA,WAGELEVEL,HPAY,PC,A,2019,22.3992890299346
FRA,WAGELEVEL,HPAY,PC,A,2020,23.0635071951469
FRA,WAGELEVEL,HPAY,PC,A,2021,22.0101833821741
TUR,WAGELEVEL,LPAY,PC,A,2006,0.52487562189054
TUR,WAGELEVEL,LPAY,PC,A,2010,0.69348659003831
TUR,WAGELEVEL,LPAY,PC,A,2014,0.77412280701754
TUR,WAGELEVEL,LPAY,PC,A,2018,0.96424452133794
TUR,WAGELEVEL,HPAY,PC,A,2006,32.9994222515681
TUR,WAGELEVEL,HPAY,PC,A,2010,31.9998634273661
TUR,WAGELEVEL,HPAY,PC,A,2014,27.999751992914
TUR,WAGELEVEL,HPAY,PC,A,2018,28.9997000643764
SVN,WAGELEVEL,LPAY,PC,A,2002,19.8588195841716
SVN,WAGELEVEL,LPAY,PC,A,2006,19.9666666666666
SVN,WAGELEVEL,LPAY,PC,A,2010,17.7692307692307
SVN,WAGELEVEL,LPAY,PC,A,2014,18.7272727272727
SVN,WAGELEVEL,LPAY,PC,A,2018,17.0555555555555
SVN,WAGELEVEL,HPAY,PC,A,2002,22.9997858746437
SVN,WAGELEVEL,HPAY,PC,A,2006,23.9990260713215
SVN,WAGELEVEL,HPAY,PC,A,2010,22.9999626837823
SVN,WAGELEVEL,HPAY,PC,A,2014,23.9992252197327
SVN,WAGELEVEL,HPAY,PC,A,2018,21.9997492425034
OECD,WAGELEVEL,LPAY,PC,A,1995,16.1534819636588
OECD,WAGELEVEL,LPAY,PC,A,1996,16.2020459198232
OECD,WAGELEVEL,LPAY,PC,A,1997,16.1305186052019
OECD,WAGELEVEL,LPAY,PC,A,1998,16.1811357385495
OECD,WAGELEVEL,LPAY,PC,A,1999,16.1931020188841
OECD,WAGELEVEL,LPAY,PC,A,2000,16.2247749299873
OECD,WAGELEVEL,LPAY,PC,A,2001,15.7955723821485
OECD,WAGELEVEL,LPAY,PC,A,2002,15.7723298108709
OECD,WAGELEVEL,LPAY,PC,A,2003,15.7742225415914
OECD,WAGELEVEL,LPAY,PC,A,2004,15.6230185694455
OECD,WAGELEVEL,LPAY,PC,A,2005,15.7454429061871
OECD,WAGELEVEL,LPAY,PC,A,2006,15.9004571678269
OECD,WAGELEVEL,LPAY,PC,A,2007,15.7748270498066
OECD,WAGELEVEL,LPAY,PC,A,2008,15.3754176516582
OECD,WAGELEVEL,LPAY,PC,A,2009,15.1087368499993
OECD,WAGELEVEL,LPAY,PC,A,2010,15.1246386002277
OECD,WAGELEVEL,LPAY,PC,A,2011,15.0111996932217
OECD,WAGELEVEL,LPAY,PC,A,2012,14.7876188163001
OECD,WAGELEVEL,LPAY,PC,A,2013,14.5859245880682
OECD,WAGELEVEL,LPAY,PC,A,2014,14.5285299879406
OECD,WAGELEVEL,LPAY,PC,A,2015,14.6640921011739
OECD,WAGELEVEL,LPAY,PC,A,2016,14.2248582474831
OECD,WAGELEVEL,LPAY,PC,A,2017,13.8182020779855
OECD,WAGELEVEL,LPAY,PC,A,2018,13.6643865648884
OECD,WAGELEVEL,LPAY,PC,A,2019,13.8723797019804
OECD,WAGELEVEL,LPAY,PC,A,2020,13.8880737359876
OECD,WAGELEVEL,LPAY,PC,A,2021,13.7844346589579
OECD,WAGELEVEL,LPAY,PC,A,2022,13.9657196010156
OECD,WAGELEVEL,HPAY,PC,A,1995,22.5224550296095
OECD,WAGELEVEL,HPAY,PC,A,1996,22.518997847187
OECD,WAGELEVEL,HPAY,PC,A,1997,22.4582753333097
OECD,WAGELEVEL,HPAY,PC,A,1998,22.5592266542878
OECD,WAGELEVEL,HPAY,PC,A,1999,22.5753753726285
OECD,WAGELEVEL,HPAY,PC,A,2000,22.5580910765822
OECD,WAGELEVEL,HPAY,PC,A,2001,22.2737731491863
OECD,WAGELEVEL,HPAY,PC,A,2002,22.2535592814667
OECD,WAGELEVEL,HPAY,PC,A,2003,22.2538385120571
OECD,WAGELEVEL,HPAY,PC,A,2004,22.1645874925948
OECD,WAGELEVEL,HPAY,PC,A,2005,22.1340805866081
OECD,WAGELEVEL,HPAY,PC,A,2006,22.2863875319945
OECD,WAGELEVEL,HPAY,PC,A,2007,22.3473177622681
OECD,WAGELEVEL,HPAY,PC,A,2008,22.3809987329579
OECD,WAGELEVEL,HPAY,PC,A,2009,22.4543677452062
OECD,WAGELEVEL,HPAY,PC,A,2010,22.379779420771
OECD,WAGELEVEL,HPAY,PC,A,2011,22.3385407506535
OECD,WAGELEVEL,HPAY,PC,A,2012,22.2530250771338
OECD,WAGELEVEL,HPAY,PC,A,2013,22.2653573808954
OECD,WAGELEVEL,HPAY,PC,A,2014,22.2102702029424
OECD,WAGELEVEL,HPAY,PC,A,2015,22.1478843501662
OECD,WAGELEVEL,HPAY,PC,A,2016,22.0236859732504
OECD,WAGELEVEL,HPAY,PC,A,2017,22.0121851044945
OECD,WAGELEVEL,HPAY,PC,A,2018,21.6417513108166
OECD,WAGELEVEL,HPAY,PC,A,2019,22.4302556690575
OECD,WAGELEVEL,HPAY,PC,A,2020,22.5960187988149
OECD,WAGELEVEL,HPAY,PC,A,2021,21.2655113973539
OECD,WAGELEVEL,HPAY,PC,A,2022,21.2716630475631
BGR,WAGELEVEL,LPAY,PC,A,2002,28.2207792207792
BGR,WAGELEVEL,LPAY,PC,A,2006,23.3333333333333
BGR,WAGELEVEL,LPAY,PC,A,2010,19.8333333333333
BGR,WAGELEVEL,LPAY,PC,A,2014,16.8888888888888
BGR,WAGELEVEL,LPAY,PC,A,2018,20.4166666666666
BGR,WAGELEVEL,LPAY,PC,A,2019,25.0420156141612
BGR,WAGELEVEL,LPAY,PC,A,2020,29.3390965075187
BGR,WAGELEVEL,HPAY,PC,A,2002,23.9998636728147
BGR,WAGELEVEL,HPAY,PC,A,2006,29.0
BGR,WAGELEVEL,HPAY,PC,A,2010,27.9996062604587
BGR,WAGELEVEL,HPAY,PC,A,2014,27.9993277105488
BGR,WAGELEVEL,HPAY,PC,A,2018,26.9999267103961
BGR,WAGELEVEL,HPAY,PC,A,2019,30.0451439030493
BGR,WAGELEVEL,HPAY,PC,A,2020,29.5388689535277
HRV,WAGELEVEL,LPAY,PC,A,2010,21.8666666666666
HRV,WAGELEVEL,LPAY,PC,A,2014,23.4074074074074
HRV,WAGELEVEL,LPAY,PC,A,2018,18.3333333333333
HRV,WAGELEVEL,LPAY,PC,A,2019,22.9570722285236
HRV,WAGELEVEL,LPAY,PC,A,2020,24.1362437481062
HRV,WAGELEVEL,HPAY,PC,A,2010,21.9978905359179
HRV,WAGELEVEL,HPAY,PC,A,2014,18.9987857937873
HRV,WAGELEVEL,HPAY,PC,A,2018,19.9992151938471
HRV,WAGELEVEL,HPAY,PC,A,2019,16.0262046816864
HRV,WAGELEVEL,HPAY,PC,A,2020,16.1674287276097
CYP,WAGELEVEL,LPAY,PC,A,2002,17.1999999999999
CYP,WAGELEVEL,LPAY,PC,A,2006,22.2380952380952
CYP,WAGELEVEL,LPAY,PC,A,2010,20.2539682539682
CYP,WAGELEVEL,LPAY,PC,A,2014,18.076923076923
CYP,WAGELEVEL,LPAY,PC,A,2018,16.5416666666666
CYP,WAGELEVEL,LPAY,PC,A,2019,16.1622515539901
CYP,WAGELEVEL,LPAY,PC,A,2020,14.9266050648792
CYP,WAGELEVEL,LPAY,PC,A,2021,15.9264415890907
CYP,WAGELEVEL,LPAY,PC,A,2022,16.708857552175
CYP,WAGELEVEL,HPAY,PC,A,2002,22.9991773804479
CYP,WAGELEVEL,HPAY,PC,A,2006,24.9987096404197
CYP,WAGELEVEL,HPAY,PC,A,2010,27.9992387332521
CYP,WAGELEVEL,HPAY,PC,A,2014,27.9986656568935
CYP,WAGELEVEL,HPAY,PC,A,2018,26.9997950413223
CYP,WAGELEVEL,HPAY,PC,A,2019,28.1264798382043
CYP,WAGELEVEL,HPAY,PC,A,2020,28.5622514908552
CYP,WAGELEVEL,HPAY,PC,A,2021,28.993090399148
CYP,WAGELEVEL,HPAY,PC,A,2022,28.6429714934133
MLT,WAGELEVEL,LPAY,PC,A,2002,12.2225249772933
MLT,WAGELEVEL,LPAY,PC,A,2006,9.93939393939393
MLT,WAGELEVEL,LPAY,PC,A,2010,13.6111111111111
MLT,WAGELEVEL,LPAY,PC,A,2014,13.6862745098039
MLT,WAGELEVEL,LPAY,PC,A,2018,16.2888888888888
MLT,WAGELEVEL,LPAY,PC,A,2019,15.1800492494302
MLT,WAGELEVEL,HPAY,PC,A,2002,20.9977697379816
MLT,WAGELEVEL,HPAY,PC,A,2006,15.9992480496287
MLT,WAGELEVEL,HPAY,PC,A,2010,17.9995072273324
MLT,WAGELEVEL,HPAY,PC,A,2014,19.9990258686004
MLT,WAGELEVEL,HPAY,PC,A,2018,20.9994021305891
MLT,WAGELEVEL,HPAY,PC,A,2019,21.9445956002138
ROU,WAGELEVEL,LPAY,PC,A,2002,26.5657051282051
ROU,WAGELEVEL,LPAY,PC,A,2006,26.9166666666666
ROU,WAGELEVEL,LPAY,PC,A,2010,24.9333333333333
ROU,WAGELEVEL,LPAY,PC,A,2014,24.0666666666666
ROU,WAGELEVEL,LPAY,PC,A,2018,20.7777777777777
ROU,WAGELEVEL,LPAY,PC,A,2019,30.4910134540685
ROU,WAGELEVEL,LPAY,PC,A,2020,25.6253104744738
ROU,WAGELEVEL,LPAY,PC,A,2021,19.0097580943503
ROU,WAGELEVEL,LPAY,PC,A,2022,35.6108905612926
ROU,WAGELEVEL,HPAY,PC,A,2002,27.9998256252941
ROU,WAGELEVEL,HPAY,PC,A,2006,28.9998880597014
ROU,WAGELEVEL,HPAY,PC,A,2010,28.9997066942719
ROU,WAGELEVEL,HPAY,PC,A,2014,28.9998078124249
ROU,WAGELEVEL,HPAY,PC,A,2018,26.9999867805303
ROU,WAGELEVEL,HPAY,PC,A,2019,27.8164534171597
ROU,WAGELEVEL,HPAY,PC,A,2020,29.0371789847752
ROU,WAGELEVEL,HPAY,PC,A,2021,31.0824232556126
ROU,WAGELEVEL,HPAY,PC,A,2022,23.0757768807788
IRL,WAGELEVEL,HPAY,PC,A,2002,25.999688080787
IRL,WAGELEVEL,HPAY,PC,A,2006,25.9989253842919
IRL,WAGELEVEL,HPAY,PC,A,2010,23.999726032486
IRL,WAGELEVEL,HPAY,PC,A,2014,25.9973775484307
IRL,WAGELEVEL,HPAY,PC,A,2018,27.9996289584951
IRL,WAGELEVEL,HPAY,PC,A,2019,27.2537072236866
JPN,WAGELEVEL,HPAY,PC,A,2018,15.6717290600288
JPN,WAGELEVEL,HPAY,PC,A,2019,12.4821246630059
JPN,WAGELEVEL,HPAY,PC,A,2020,12.409234932223
JPN,WAGELEVEL,HPAY,PC,A,2021,12.0229259147272
JPN,WAGELEVEL,HPAY,PC,A,2022,11.5832853162249
EU27,WAGELEVEL,LPAY,PC,A,2002,16.7434353878397
EU27,WAGELEVEL,LPAY,PC,A,2003,16.0778760138701
EU27,WAGELEVEL,LPAY,PC,A,2004,15.7692507628831
EU27,WAGELEVEL,LPAY,PC,A,2005,15.9144516022108
EU27,WAGELEVEL,LPAY,PC,A,2006,16.8780210744454
EU27,WAGELEVEL,LPAY,PC,A,2007,15.7741647995202
EU27,WAGELEVEL,LPAY,PC,A,2008,15.4487388103512
EU27,WAGELEVEL,LPAY,PC,A,2009,15.3538427637658
EU27,WAGELEVEL,LPAY,PC,A,2010,16.082660231584
EU27,WAGELEVEL,LPAY,PC,A,2011,14.9574317934461
EU27,WAGELEVEL,LPAY,PC,A,2012,14.6112097976757
EU27,WAGELEVEL,LPAY,PC,A,2013,14.4145093237557
EU27,WAGELEVEL,LPAY,PC,A,2014,15.2460960015268
EU27,WAGELEVEL,LPAY,PC,A,2015,14.2970223674627
EU27,WAGELEVEL,LPAY,PC,A,2016,13.9365921100932
EU27,WAGELEVEL,LPAY,PC,A,2017,13.6156263376381
EU27,WAGELEVEL,LPAY,PC,A,2018,14.6333382664641
EU27,WAGELEVEL,LPAY,PC,A,2019,15.6600505283915
EU27,WAGELEVEL,LPAY,PC,A,2020,15.6182641387097
EU27,WAGELEVEL,LPAY,PC,A,2021,15.1511318459249
EU27,WAGELEVEL,LPAY,PC,A,2022,18.2407362638019
EU27,WAGELEVEL,HPAY,PC,A,2002,21.9724078640306
EU27,WAGELEVEL,HPAY,PC,A,2003,21.4328315432608
EU27,WAGELEVEL,HPAY,PC,A,2004,21.3454145185839
EU27,WAGELEVEL,HPAY,PC,A,2005,21.3220230504633
EU27,WAGELEVEL,HPAY,PC,A,2006,21.9310992135864
EU27,WAGELEVEL,HPAY,PC,A,2007,21.223717559902
EU27,WAGELEVEL,HPAY,PC,A,2008,21.3090855558539
EU27,WAGELEVEL,HPAY,PC,A,2009,21.4170712320664
EU27,WAGELEVEL,HPAY,PC,A,2010,22.4028535680651
EU27,WAGELEVEL,HPAY,PC,A,2011,21.7683324852166
EU27,WAGELEVEL,HPAY,PC,A,2012,21.7098197880051
EU27,WAGELEVEL,HPAY,PC,A,2013,21.755412201487
EU27,WAGELEVEL,HPAY,PC,A,2014,22.4420812627102
EU27,WAGELEVEL,HPAY,PC,A,2015,21.8023860059128
EU27,WAGELEVEL,HPAY,PC,A,2016,21.6089155714293
EU27,WAGELEVEL,HPAY,PC,A,2017,21.5913153952196
EU27,WAGELEVEL,HPAY,PC,A,2018,22.0666654390475
EU27,WAGELEVEL,HPAY,PC,A,2019,23.0716250750575
EU27,WAGELEVEL,HPAY,PC,A,2020,23.3392618208021
EU27,WAGELEVEL,HPAY,PC,A,2021,21.5964387835878
EU27,WAGELEVEL,HPAY,PC,A,2022,25.0530901515459
ARG,WAGELEVEL,LPAY,PC,A,2017,24.7772992756696
ARG,WAGELEVEL,LPAY,PC,A,2018,21.6185930986306
ARG,WAGELEVEL,LPAY,PC,A,2019,24.5010760078406
ARG,WAGELEVEL,LPAY,PC,A,2020,24.4140840975601
ARG,WAGELEVEL,LPAY,PC,A,2021,20.7684049202536
ARG,WAGELEVEL,HPAY,PC,A,2017,17.4889481145134
ARG,WAGELEVEL,HPAY,PC,A,2018,18.6429987505566
ARG,WAGELEVEL,HPAY,PC,A,2019,19.4906307066523
ARG,WAGELEVEL,HPAY,PC,A,2020,24.4655947517217
ARG,WAGELEVEL,HPAY,PC,A,2021,25.7928745449192
BRA,WAGELEVEL,LPAY,PC,A,2012,8.61925792847
BRA,WAGELEVEL,LPAY,PC,A,2013,7.24299290443593
BRA,WAGELEVEL,LPAY,PC,A,2014,20.7348782725429
BRA,WAGELEVEL,LPAY,PC,A,2015,18.6582014751474
BRA,WAGELEVEL,LPAY,PC,A,2016,7.4386641004561
BRA,WAGELEVEL,LPAY,PC,A,2017,7.55881884348483
BRA,WAGELEVEL,LPAY,PC,A,2018,20.7160966700509
BRA,WAGELEVEL,LPAY,PC,A,2019,19.0051388787658
BRA,WAGELEVEL,LPAY,PC,A,2020,6.2758506746716
BRA,WAGELEVEL,LPAY,PC,A,2021,8.17888405838745
BRA,WAGELEVEL,LPAY,PC,A,2022,7.26448301699235
BRA,WAGELEVEL,HPAY,PC,A,2012,28.8540282822252
BRA,WAGELEVEL,HPAY,PC,A,2013,26.1428801941987
BRA,WAGELEVEL,HPAY,PC,A,2014,27.1963233061952
BRA,WAGELEVEL,HPAY,PC,A,2015,26.9781810978166
BRA,WAGELEVEL,HPAY,PC,A,2016,29.613146541428
BRA,WAGELEVEL,HPAY,PC,A,2017,24.6339314014799
BRA,WAGELEVEL,HPAY,PC,A,2018,25.2457475742563
BRA,WAGELEVEL,HPAY,PC,A,2019,26.2646239120172
BRA,WAGELEVEL,HPAY,PC,A,2020,29.0931539038978
BRA,WAGELEVEL,HPAY,PC,A,2021,28.7237181356826
BRA,WAGELEVEL,HPAY,PC,A,2022,26.498361828253
NOR,WAGELEVEL,LPAY,PC,A,1997,1.44
NOR,WAGELEVEL,LPAY,PC,A,1998,1.33
NOR,WAGELEVEL,LPAY,PC,A,1999,1.46
NOR,WAGELEVEL,LPAY,PC,A,2000,1.66
NOR,WAGELEVEL,LPAY,PC,A,2001,2.19
NOR,WAGELEVEL,LPAY,PC,A,2002,2.52
NOR,WAGELEVEL,LPAY,PC,A,2003,2.6
NOR,WAGELEVEL,LPAY,PC,A,2004,2.78
NOR,WAGELEVEL,LPAY,PC,A,2005,2.91
NOR,WAGELEVEL,LPAY,PC,A,2006,3.17
NOR,WAGELEVEL,LPAY,PC,A,2007,3.5
NOR,WAGELEVEL,LPAY,PC,A,2008,3.85
NOR,WAGELEVEL,LPAY,PC,A,2009,3.77
NOR,WAGELEVEL,LPAY,PC,A,2010,3.95
NOR,WAGELEVEL,LPAY,PC,A,2011,4.17
NOR,WAGELEVEL,LPAY,PC,A,2012,4.44
NOR,WAGELEVEL,LPAY,PC,A,2013,4.47
NOR,WAGELEVEL,LPAY,PC,A,2014,4.7
NOR,WAGELEVEL,LPAY,PC,A,2015,7.27
NOR,WAGELEVEL,LPAY,PC,A,2016,7.7
NOR,WAGELEVEL,LPAY,PC,A,2017,7.72
NOR,WAGELEVEL,LPAY,PC,A,2018,7.5
NOR,WAGELEVEL,LPAY,PC,A,2019,7.52
NOR,WAGELEVEL,LPAY,PC,A,2020,7.4
NOR,WAGELEVEL,LPAY,PC,A,2021,7.43
NOR,WAGELEVEL,LPAY,PC,A,2022,7.09
NOR,WAGELEVEL,HPAY,PC,A,1997,9.86
NOR,WAGELEVEL,HPAY,PC,A,1998,10.39
NOR,WAGELEVEL,HPAY,PC,A,1999,10.62
NOR,WAGELEVEL,HPAY,PC,A,2000,11.3
NOR,WAGELEVEL,HPAY,PC,A,2001,11.27
NOR,WAGELEVEL,HPAY,PC,A,2002,11.66
NOR,WAGELEVEL,HPAY,PC,A,2003,11.73
NOR,WAGELEVEL,HPAY,PC,A,2004,11.71
NOR,WAGELEVEL,HPAY,PC,A,2005,12.14
NOR,WAGELEVEL,HPAY,PC,A,2006,12.67
NOR,WAGELEVEL,HPAY,PC,A,2007,12.79
NOR,WAGELEVEL,HPAY,PC,A,2008,13.16
NOR,WAGELEVEL,HPAY,PC,A,2009,13.46
NOR,WAGELEVEL,HPAY,PC,A,2010,13.36
NOR,WAGELEVEL,HPAY,PC,A,2011,13.66
NOR,WAGELEVEL,HPAY,PC,A,2012,13.7
NOR,WAGELEVEL,HPAY,PC,A,2013,14.22
NOR,WAGELEVEL,HPAY,PC,A,2014,14.17
NOR,WAGELEVEL,HPAY,PC,A,2015,13.77
NOR,WAGELEVEL,HPAY,PC,A,2016,13.44
NOR,WAGELEVEL,HPAY,PC,A,2017,13.32
NOR,WAGELEVEL,HPAY,PC,A,2018,13.6
NOR,WAGELEVEL,HPAY,PC,A,2019,13.53
NOR,WAGELEVEL,HPAY,PC,A,2020,13.54
NOR,WAGELEVEL,HPAY,PC,A,2021,13.49
NOR,WAGELEVEL,HPAY,PC,A,2022,14.02
